source_center,destination_center,trip_count,actual_time,osrm_time,delay_ratio
IND000000AAL,IND411033AAA,14,68.5,26.5,2.5849056603773586
IND000000AAS,IND783370AAC,9,53.0,30.0,1.7666666666666666
IND000000AAZ,IND444203AAA,1,289.0,48.0,6.020833333333333
IND000000AAZ,IND444303AAA,1,160.0,40.0,4.0
IND000000ABA,IND683565AAA,5,22.0,21.0,1.0476190476190477
IND000000ABD,IND562132AAA,12,630.5,370.0,1.704054054054054
IND000000ABG,IND501359AAF,9,211.0,28.0,7.535714285714286
IND000000ACA,IND140406AAA,2,65.0,37.0,1.7567567567567568
IND000000ACA,IND142001AAB,8,99.0,56.5,1.752212389380531
IND000000ACA,IND142401AAA,6,54.5,25.5,2.1372549019607843
IND000000ACA,IND143001AAA,1,189.0,111.0,1.7027027027027026
IND000000ACA,IND144001AAB,14,82.5,50.0,1.65
IND000000ACA,IND144514AAA,12,114.5,63.0,1.8174603174603174
IND000000ACA,IND147301AAA,2,81.0,32.0,2.53125
IND000000ACA,IND152026AAA,1,179.0,117.0,1.5299145299145298
IND000000ACA,IND160002AAC,60,132.0,62.0,2.129032258064516
IND000000ACB,IND000000AEL,17,114.0,63.0,1.8095238095238095
IND000000ACB,IND110024AAA,6,138.0,66.5,2.075187969924812
IND000000ACB,IND110030AAD,22,85.0,50.0,1.7
IND000000ACB,IND110037AAK,26,69.5,38.0,1.8289473684210527
IND000000ACB,IND110043AAA,10,79.5,38.0,2.0921052631578947
IND000000ACB,IND110043AAC,9,107.0,55.0,1.9454545454545455
IND000000ACB,IND110052AAA,2,102.0,68.0,1.5
IND000000ACB,IND110064AAA,38,97.0,58.0,1.6724137931034482
IND000000ACB,IND110085AAB,18,113.5,67.0,1.6940298507462686
IND000000ACB,IND110092AAC,5,121.0,74.0,1.635135135135135
IND000000ACB,IND110095AAB,26,150.5,77.0,1.9545454545454546
IND000000ACB,IND121002AAB,38,127.5,66.0,1.9318181818181819
IND000000ACB,IND121004AAB,23,119.0,66.0,1.803030303030303
IND000000ACB,IND122001AAA,39,62.0,35.0,1.7714285714285714
IND000000ACB,IND122015AAC,2,84.5,34.5,2.449275362318841
IND000000ACB,IND124103AAA,10,84.0,47.0,1.7872340425531914
IND000000ACB,IND124112AAA,5,188.0,90.0,2.088888888888889
IND000000ACB,IND125001AAA,14,281.0,135.0,2.0814814814814815
IND000000ACB,IND125005AAA,4,265.5,135.5,1.959409594095941
IND000000ACB,IND125033AAA,2,272.0,119.0,2.2857142857142856
IND000000ACB,IND127021AAA,1,184.0,101.0,1.8217821782178218
IND000000ACB,IND131028AAB,73,211.0,98.0,2.1530612244897958
IND000000ACB,IND160002AAC,41,482.0,211.0,2.2843601895734595
IND000000ACB,IND201007AAA,9,123.0,77.0,1.5974025974025974
IND000000ACB,IND201301AAF,9,114.0,78.0,1.4615384615384615
IND000000ACB,IND201301AAM,27,213.0,82.0,2.597560975609756
IND000000ACB,IND209304AAA,10,729.0,321.0,2.2710280373831777
IND000000ACB,IND282002AAD,3,282.0,137.0,2.0583941605839415
IND000000ACB,IND301001AAB,6,156.5,92.0,1.701086956521739
IND000000ACB,IND301705AAA,1,210.0,56.0,3.75
IND000000ACB,IND302014AAA,24,322.0,169.0,1.9053254437869822
IND000000ACB,IND302022AAD,14,286.5,169.0,1.6952662721893492
IND000000ACB,IND328001AAA,5,360.0,198.0,1.8181818181818181
IND000000ACB,IND382430AAB,13,1140.0,632.0,1.8037974683544304
IND000000ACB,IND390022AAA,8,1245.0,695.0,1.79136690647482
IND000000ACB,IND411033AAA,15,1761.0,1011.0,1.741839762611276
IND000000ACB,IND421302AAG,26,1861.0,963.0,1.9325025960539979
IND000000ACB,IND462022AAA,12,1088.0,588.5,1.848768054375531
IND000000ACB,IND474003AAA,2,1134.5,253.0,4.484189723320158
IND000000ACB,IND501359AAE,21,2236.0,1166.0,1.9176672384219553
IND000000ACB,IND521225AAB,5,2606.0,1283.0,2.0311769290724864
IND000000ACB,IND562132AAA,44,2869.5,1548.0,1.8536821705426356
IND000000ACB,IND600056AAB,10,3038.0,1610.0,1.8869565217391304
IND000000ACB,IND712311AAA,34,2126.5,1016.0,2.093011811023622
IND000000ACB,IND751002AAB,13,2379.0,1167.0,2.038560411311054
IND000000ACB,IND821115AAB,14,1341.0,646.0,2.0758513931888545
IND000000ACB,IND834002AAB,9,1608.0,851.0,1.8895417156286722
IND000000ACB,IND842001AAA,12,1515.0,737.5,2.0542372881355933
IND000000ACK,IND501359AAF,22,64.5,21.0,3.0714285714285716
IND000000ACN,IND501359AAF,11,34.0,18.0,1.8888888888888888
IND000000ACT,IND000000ACB,71,54.0,42.0,1.2857142857142858
IND000000ACT,IND131028AAB,32,91.5,56.0,1.6339285714285714
IND000000ACT,IND160002AAC,14,386.5,188.0,2.0558510638297873
IND000000ADV,IND600044AAC,11,76.0,37.0,2.054054054054054
IND000000AEL,IND000000ACB,15,108.0,58.0,1.8620689655172413
IND000000AEM,IND110037AAB,11,168.0,40.0,4.2
IND000000AEM,IND110064AAB,11,113.0,55.0,2.0545454545454547
IND000000AET,IND000000AAS,8,119.0,48.5,2.4536082474226806
IND000000AFF,IND734203AAA,3,92.0,19.0,4.842105263157895
IND000000AFG,IND673027AAB,1,84.0,46.0,1.826086956521739
IND000000AFJ,IND695121AAA,13,28.0,26.0,1.0769230769230769
IND000000AFJ,IND695572AAB,1,60.0,27.0,2.2222222222222223
IND000000AFR,IND683511AAA,6,70.5,32.0,2.203125
IND000000AFT,IND400072AAB,6,36.0,19.0,1.894736842105263
IND000000AFT,IND400701AAA,1,56.0,19.0,2.9473684210526314
IND000000AFT,IND400706AAA,1,94.0,18.0,5.222222222222222
IND000000AFT,IND410206AAA,1,46.0,15.0,3.066666666666667
IND000000AFT,IND410206AAB,1,53.0,17.0,3.1176470588235294
IND000000AFT,IND410209AAA,22,31.5,14.5,2.1724137931034484
IND000000AFT,IND410210AAA,9,50.0,15.0,3.3333333333333335
IND000000AFT,IND421302AAG,9,48.0,21.0,2.2857142857142856
IND110014AAA,IND110024AAA,9,34.0,11.0,3.090909090909091
IND110020AAB,IND110037AAM,4,88.0,23.5,3.74468085106383
IND110024AAA,IND110014AAA,9,14.0,7.0,2.0
IND110030AAD,IND000000ACB,7,146.0,47.0,3.106382978723404
IND110035AAC,IND110037AAM,2,28.5,19.0,1.5
IND110037AAK,IND000000ACB,34,82.0,38.0,2.1578947368421053
IND110037AAM,IND000000ACB,12,66.5,43.0,1.5465116279069768
IND110037AAM,IND110020AAB,6,100.5,25.5,3.9411764705882355
IND110037AAM,IND110024AAA,11,66.0,24.0,2.75
IND110037AAM,IND110035AAC,25,47.0,21.0,2.238095238095238
IND110037AAM,IND110064AAA,1,35.0,16.0,2.1875
IND110037AAM,IND110085AAB,14,49.5,24.5,2.020408163265306
IND110037AAM,IND110092AAC,1,68.0,31.0,2.193548387096774
IND110037AAM,IND121004AAB,35,65.0,27.0,2.4074074074074074
IND110037AAM,IND125001AAA,1,534.0,133.0,4.015037593984962
IND110037AAM,IND131028AAB,1,126.0,57.0,2.210526315789474
IND110037AAM,IND201001AAC,1,129.0,46.0,2.8043478260869565
IND110037AAM,IND201007AAA,6,88.0,34.5,2.550724637681159
IND110037AAM,IND201301AAD,3,169.0,37.0,4.5675675675675675
IND110037AAM,IND201301AAF,5,84.0,39.0,2.1538461538461537
IND110037AAM,IND202001AAB,20,241.0,129.0,1.8682170542635659
IND110037AAM,IND209304AAA,18,717.0,335.0,2.1402985074626866
IND110037AAM,IND226004AAC,1,686.0,375.0,1.8293333333333333
IND110037AAM,IND282001AAA,2,430.5,149.5,2.879598662207358
IND110037AAM,IND282001AAC,1,318.0,151.0,2.1059602649006623
IND110037AAM,IND282002AAD,1,297.0,151.0,1.966887417218543
IND110037AAM,IND421302AAG,13,2009.0,997.0,2.0150451354062184
IND110037AAM,IND811399AAA,7,80.0,37.0,2.1621621621621623
IND110039AAA,IND110085AAB,3,56.0,15.0,3.7333333333333334
IND110043AAA,IND000000ACB,5,202.0,40.0,5.05
IND110043AAA,IND110078AAA,22,37.5,21.5,1.744186046511628
IND110043AAC,IND000000ACB,1,94.0,58.0,1.6206896551724137
IND110044AAB,IND000000ACB,59,104.0,61.0,1.7049180327868851
IND110044AAB,IND110030AAD,22,25.0,15.0,1.6666666666666667
IND110044AAB,IND110037AAM,3,43.0,23.0,1.8695652173913044
IND110044AAB,IND131028AAB,28,93.0,53.0,1.7547169811320755
IND110044AAB,IND201007AAA,11,58.0,23.0,2.5217391304347827
IND110044AAB,IND201301AAF,7,29.0,14.0,2.0714285714285716
IND110052AAA,IND000000ACB,10,107.0,63.5,1.68503937007874
IND110064AAA,IND000000ACB,26,237.5,54.0,4.398148148148148
IND110064AAA,IND110005AAA,2,31.5,12.0,2.625
IND110064AAA,IND110046AAA,1,45.0,15.0,3.0
IND110078AAA,IND110043AAA,8,60.0,21.0,2.857142857142857
IND110083AAA,IND110085AAB,1,50.0,17.0,2.9411764705882355
IND110085AAB,IND000000ACB,7,170.0,64.0,2.65625
IND110085AAB,IND110039AAA,4,28.5,16.0,1.78125
IND110085AAB,IND110083AAA,3,56.0,15.0,3.7333333333333334
IND110085AAB,IND110085AAA,1,27.0,13.0,2.076923076923077
IND110085AAB,IND110087AAA,3,26.0,13.0,2.0
IND110092AAC,IND000000ACB,6,144.0,68.0,2.1176470588235294
IND110092AAC,IND110093AAA,1,52.0,16.0,3.25
IND110093AAA,IND110092AAC,1,58.0,18.0,3.2222222222222223
IND110095AAB,IND000000ACB,1,108.0,71.0,1.5211267605633803
IND121001AAA,IND121004AAB,22,21.5,11.0,1.9545454545454546
IND121002AAB,IND000000ACB,24,150.5,65.5,2.2977099236641223
IND121004AAA,IND121004AAB,9,32.0,14.0,2.2857142857142856
IND121004AAB,IND000000ACB,21,121.0,65.0,1.8615384615384616
IND121004AAB,IND110037AAM,26,66.0,25.5,2.588235294117647
IND121004AAB,IND121001AAA,19,20.0,11.0,1.8181818181818181
IND121004AAB,IND121004AAA,14,22.5,12.5,1.8
IND121004AAB,IND121004AAC,9,26.0,13.0,2.0
IND121004AAB,IND121102AAA,28,59.0,29.0,2.0344827586206895
IND121004AAC,IND121004AAB,3,87.0,12.0,7.25
IND121102AAA,IND121004AAB,11,124.0,29.0,4.275862068965517
IND122001AAA,IND000000ACB,13,52.0,34.0,1.5294117647058822
IND122001AAA,IND110037AAM,1,58.0,15.0,3.8666666666666667
IND122001AAA,IND122001AAD,3,41.0,13.0,3.1538461538461537
IND122001AAA,IND122101AAC,1,22.0,16.0,1.375
IND122001AAD,IND122050AAA,8,43.5,20.0,2.175
IND122001AAJ,IND507123AAA,9,45.0,58.0,0.7758620689655172
IND122002AAD,IND122503AAA,2,51.0,22.5,2.2666666666666666
IND122004AAA,IND000000ACB,1,55.0,34.0,1.6176470588235294
IND122004AAA,IND122413AAE,32,63.0,35.0,1.8
IND122503AAA,IND122001AAA,2,121.5,26.5,4.584905660377358
IND123001AAA,IND123401AAB,10,67.5,34.5,1.9565217391304348
IND123401AAB,IND123106AAB,10,98.0,50.0,1.96
IND124001AAB,IND126102AAA,2,99.0,43.5,2.2758620689655173
IND124103AAA,IND127021AAA,6,100.0,52.0,1.9230769230769231
IND124112AAA,IND125005AAA,2,111.5,45.5,2.4505494505494507
IND124112AAA,IND125033AAA,3,54.0,29.0,1.8620689655172413
IND124141AAA,IND000000ACB,7,156.0,79.0,1.9746835443037976
IND124507AAA,IND131028AAB,9,104.0,45.0,2.311111111111111
IND124507AAA,IND131028AAE,1,134.0,45.0,2.977777777777778
IND125001AAA,IND000000ACB,6,270.5,136.5,1.9816849816849818
IND125001AAA,IND110037AAM,6,471.5,132.0,3.571969696969697
IND125001AAA,IND125047AAB,6,72.5,35.0,2.0714285714285716
IND125001AAA,IND125051AAA,1,211.0,63.0,3.3492063492063493
IND125001AAA,IND335513AAA,5,262.0,150.0,1.7466666666666666
IND125001AAA,IND335523AAB,2,366.0,118.5,3.088607594936709
IND125001AAA,IND335524AAA,4,311.0,164.5,1.8905775075987843
IND125005AAA,IND000000ACB,5,264.0,137.0,1.927007299270073
IND125005AAA,IND125047AAB,3,74.0,35.0,2.1142857142857143
IND125005AAA,IND335513AAA,3,266.0,150.0,1.7733333333333334
IND125005AAA,IND335523AAB,1,310.0,119.0,2.6050420168067228
IND125005AAA,IND335524AAA,2,280.0,166.5,1.6816816816816818
IND125033AAA,IND125001AAA,3,34.0,17.0,2.0
IND125033AAA,IND125005AAA,2,36.0,17.5,2.057142857142857
IND125047AAB,IND125050AAA,1,95.0,35.0,2.7142857142857144
IND125047AAB,IND125051AAA,8,126.0,57.5,2.1913043478260867
IND125050AAA,IND125051AAA,2,37.0,21.5,1.7209302325581395
IND125051AAA,IND125111AAA,4,32.0,31.0,1.032258064516129
IND125104AAA,IND125005AAA,1,282.0,109.0,2.5871559633027523
IND125111AAA,IND125121AAA,2,103.5,33.0,3.1363636363636362
IND125121AAA,IND125001AAA,3,117.0,30.0,3.9
IND126102AAA,IND131301AAA,2,75.5,35.0,2.157142857142857
IND126112AAA,IND131028AAB,14,171.5,73.0,2.3493150684931505
IND127021AAA,IND127201AAA,3,80.0,39.0,2.051282051282051
IND127201AAA,IND124141AAA,2,90.0,37.0,2.4324324324324325
IND131021AAA,IND131028AAA,42,18.0,12.0,1.5
IND131028AAB,IND000000ACB,74,192.0,97.0,1.9793814432989691
IND131028AAB,IND110037AAM,6,132.5,57.5,2.3043478260869565
IND131028AAB,IND124001AAB,3,98.0,55.0,1.7818181818181817
IND131028AAB,IND124507AAA,10,83.0,42.0,1.9761904761904763
IND131028AAB,IND132103AAA,2,256.0,46.0,5.565217391304348
IND131028AAB,IND136118AAA,15,187.0,95.0,1.9684210526315788
IND131028AAB,IND160002AAC,26,230.5,130.0,1.773076923076923
IND131028AAB,IND201204AAA,7,94.0,47.0,2.0
IND131028AAB,IND244001AAA,13,313.0,159.0,1.9685534591194969
IND131028AAB,IND244235AAA,15,223.0,122.0,1.8278688524590163
IND131028AAB,IND247667AAA,3,255.0,140.0,1.8214285714285714
IND131028AAB,IND247667AAB,10,264.0,140.0,1.8857142857142857
IND131028AAB,IND248001AAD,1,397.0,212.0,1.8726415094339623
IND131028AAB,IND249407AAA,1,336.0,180.0,1.8666666666666667
IND131028AAB,IND250002AAA,1,132.0,73.0,1.8082191780821917
IND131028AAB,IND250609AAA,1,65.0,22.0,2.9545454545454546
IND131028AAB,IND250611AAA,2,124.5,35.5,3.507042253521127
IND131028AAB,IND251001AAA,10,181.5,95.0,1.9105263157894736
IND131301AAA,IND131028AAB,2,120.0,39.5,3.037974683544304
IND132001AAA,IND131028AAB,2,278.5,76.0,3.664473684210526
IND132001AAA,IND132103AAA,1,107.0,34.0,3.1470588235294117
IND132001AAA,IND132103AAB,2,276.5,29.5,9.372881355932204
IND132103AAA,IND131028AAB,3,169.0,45.0,3.7555555555555555
IND132103AAA,IND132001AAA,4,63.5,35.5,1.7887323943661972
IND132103AAB,IND131028AAB,5,173.0,44.0,3.9318181818181817
IND133004AAA,IND135001AAA,5,90.0,54.0,1.6666666666666667
IND134102AAA,IND174103AAA,11,39.0,14.0,2.7857142857142856
IND134109AAA,IND160002AAC,9,447.0,36.0,12.416666666666666
IND134203AAA,IND140501AAA,10,63.5,40.5,1.5679012345679013
IND135001AAA,IND173025AAA,9,104.0,45.0,2.311111111111111
IND136027AAA,IND132039AAA,14,66.0,35.0,1.8857142857142857
IND136118AAA,IND136128AAA,15,38.0,28.0,1.3571428571428572
IND136128AAA,IND136027AAA,15,42.0,20.0,2.1
IND140001AAA,IND140118AAA,12,59.0,33.0,1.7878787878787878
IND140118AAA,IND160002AAC,13,177.0,105.0,1.6857142857142857
IND140301AAA,IND140001AAA,13,40.0,24.0,1.6666666666666667
IND140301AAA,IND140901AAA,12,32.0,15.0,2.1333333333333333
IND140401AAA,IND000000ACA,2,127.5,52.5,2.4285714285714284
IND140401AAA,IND142401AAA,3,51.0,33.0,1.5454545454545454
IND140401AAA,IND147301AAA,1,34.0,23.0,1.4782608695652173
IND140406AAA,IND140401AAA,7,38.0,28.0,1.3571428571428572
IND140501AAA,IND160002AAC,11,39.0,17.0,2.2941176470588234
IND140901AAA,IND160002AAC,13,86.0,47.0,1.8297872340425532
IND140901AAA,IND160055AAA,13,26.0,14.0,1.8571428571428572
IND141003AAB,IND000000ACA,7,20.0,11.0,1.8181818181818181
IND141003AAB,IND142026AAA,15,56.0,33.0,1.696969696969697
IND141010AAA,IND000000ACA,1,20.0,11.0,1.8181818181818181
IND141109AAA,IND000000ACA,11,77.0,56.0,1.375
IND141115AAA,IND000000ACA,14,42.0,30.0,1.4
IND142001AAB,IND151001AAA,1,175.0,66.0,2.6515151515151514
IND142001AAB,IND152026AAA,20,103.5,62.0,1.6693548387096775
IND142026AAA,IND000000ACA,1,110.0,40.0,2.75
IND142026AAA,IND141109AAA,12,49.5,35.5,1.3943661971830985
IND142401AAA,IND000000ACA,5,35.0,21.0,1.6666666666666667
IND143001AAA,IND144001AAB,14,131.0,65.0,2.0153846153846153
IND144001AAA,IND144040AAA,11,36.0,20.0,1.8
IND144001AAB,IND000000ACA,16,114.0,53.0,2.150943396226415
IND144001AAB,IND143001AAA,12,97.5,64.5,1.5116279069767442
IND144001AAB,IND144401AAB,11,18.0,14.0,1.2857142857142858
IND144001AAB,IND144601AAA,3,59.0,16.0,3.6875
IND144001AAB,IND160002AAC,1,674.0,116.0,5.810344827586207
IND144001AAC,IND000000ACA,9,96.0,54.0,1.7777777777777777
IND144001AAC,IND160002AAC,12,289.0,114.5,2.524017467248908
IND144040AAA,IND144001AAB,7,44.0,19.0,2.3157894736842106
IND144401AAB,IND144001AAB,13,22.0,11.0,2.0
IND144514AAA,IND000000ACA,1,100.0,58.0,1.7241379310344827
IND144514AAA,IND141115AAA,5,49.0,28.0,1.75
IND144527AAA,IND141115AAA,4,63.5,34.0,1.8676470588235294
IND144601AAA,IND144001AAA,2,33.0,16.5,2.0
IND144601AAA,IND144040AAA,1,51.0,38.0,1.3421052631578947
IND145001AAA,IND176201AAA,6,37.5,21.5,1.744186046511628
IND145001AAA,IND176303AAA,1,122.0,103.0,1.1844660194174756
IND147001AAB,IND147201AAA,6,36.0,28.0,1.2857142857142858
IND147001AAB,IND160002AAC,7,234.0,59.0,3.9661016949152543
IND147001AAD,IND147201AAA,1,42.0,28.0,1.5
IND147001AAD,IND148023AAA,1,79.0,63.0,1.253968253968254
IND147001AAD,IND160002AAC,5,130.0,34.0,3.823529411764706
IND147101AAA,IND147105AAA,6,32.0,23.0,1.391304347826087
IND147101AAA,IND160002AAC,1,407.0,58.0,7.017241379310345
IND147105AAA,IND147101AAA,1,37.0,26.0,1.4230769230769231
IND147105AAA,IND160002AAC,6,766.5,85.0,9.01764705882353
IND147201AAA,IND148023AAA,7,36.0,33.0,1.0909090909090908
IND147301AAA,IND140401AAA,1,40.0,30.0,1.3333333333333333
IND148023AAA,IND148001AAA,2,39.5,29.5,1.3389830508474576
IND148023AAA,IND148024AAB,1,36.0,18.0,2.0
IND148028AAA,IND147001AAB,9,98.0,53.0,1.849056603773585
IND148028AAA,IND147001AAD,2,92.5,51.5,1.796116504854369
IND148101AAA,IND148102AAA,2,30.0,22.0,1.3636363636363635
IND148102AAA,IND151001AAA,1,106.0,58.0,1.8275862068965518
IND151001AAA,IND148101AAA,4,81.0,58.5,1.3846153846153846
IND151001AAA,IND151103AAA,2,30.0,24.5,1.2244897959183674
IND151001AAA,IND151302AAA,14,33.0,41.0,0.8048780487804879
IND151001AAA,IND160002AAC,15,254.0,159.0,1.5974842767295598
IND151302AAA,IND151505AAA,13,35.0,38.0,0.9210526315789473
IND151505AAA,IND151506AAA,5,46.0,27.0,1.7037037037037037
IND151506AAA,IND151001AAA,11,108.0,74.0,1.4594594594594594
IND152024AAA,IND152123AAA,1,64.0,31.0,2.064516129032258
IND152026AAA,IND000000ACA,13,570.0,121.0,4.710743801652892
IND152026AAA,IND151001AAA,6,55.5,54.0,1.0277777777777777
IND152026AAA,IND152024AAA,1,43.0,21.0,2.0476190476190474
IND152026AAA,IND160002AAC,1,811.0,180.0,4.5055555555555555
IND160002AAC,IND000000ACA,25,127.0,63.0,2.015873015873016
IND160002AAC,IND000000ACB,54,416.5,211.5,1.9692671394799055
IND160002AAC,IND110037AAM,7,334.0,185.0,1.8054054054054054
IND160002AAC,IND131028AAB,12,249.0,129.5,1.9227799227799227
IND160002AAC,IND134203AAA,1,104.0,47.0,2.2127659574468086
IND160002AAC,IND135001AAA,1,114.0,61.0,1.8688524590163935
IND160002AAC,IND140301AAA,14,68.0,47.0,1.446808510638298
IND160002AAC,IND140603AAA,17,36.0,29.0,1.2413793103448276
IND160002AAC,IND140901AAA,15,78.0,47.0,1.6595744680851063
IND160002AAC,IND142001AAB,12,221.0,119.5,1.8493723849372385
IND160002AAC,IND143001AAA,11,354.0,177.0,2.0
IND160002AAC,IND144001AAB,9,245.0,118.0,2.0762711864406778
IND160002AAC,IND147001AAB,3,74.0,35.0,2.1142857142857143
IND160002AAC,IND147001AAD,7,71.0,38.0,1.868421052631579
IND160002AAC,IND147101AAA,7,132.0,59.0,2.23728813559322
IND160002AAC,IND147105AAA,2,205.0,88.0,2.3295454545454546
IND160002AAC,IND151001AAA,13,274.0,158.0,1.7341772151898733
IND160002AAC,IND160003AAA,1,62.0,31.0,2.0
IND160002AAC,IND160055AAA,14,44.5,42.0,1.0595238095238095
IND160002AAC,IND160102AAC,24,61.0,35.0,1.7428571428571429
IND160002AAC,IND173212AAA,13,191.0,88.0,2.1704545454545454
IND160002AAC,IND174001AAA,11,286.0,139.0,2.0575539568345325
IND160002AAC,IND174103AAA,1,85.0,65.0,1.3076923076923077
IND160002AAC,IND174307AAA,13,245.0,181.0,1.3535911602209945
IND160002AAC,IND176041AAA,1,290.0,206.0,1.4077669902912622
IND160002AAC,IND181152AAA,2,573.0,309.0,1.854368932038835
IND160002AAC,IND184104AAA,5,459.0,249.0,1.8433734939759037
IND160002AAC,IND562132AAA,1,3784.0,1686.0,2.244365361803084
IND160003AAA,IND160002AAC,1,102.0,34.0,3.0
IND160055AAA,IND160002AAC,14,56.0,41.0,1.3658536585365855
IND160102AAC,IND160002AAC,24,67.5,34.0,1.9852941176470589
IND160102AAD,IND160002AAC,6,56.0,33.5,1.671641791044776
IND160102AAD,IND160002AAD,3,72.0,34.0,2.1176470588235294
IND173025AAA,IND160002AAC,8,225.0,100.0,2.25
IND173212AAA,IND134102AAA,2,127.0,33.0,3.8484848484848486
IND173212AAA,IND160002AAC,1,191.0,95.0,2.0105263157894737
IND173212AAA,IND173220AAA,5,86.0,28.0,3.0714285714285716
IND173220AAA,IND173212AAA,1,113.0,32.0,3.53125
IND173220AAA,IND174103AAA,2,49.0,18.0,2.7222222222222223
IND174001AAA,IND175018AAA,10,68.0,27.0,2.5185185185185186
IND174021AAA,IND176048AAA,11,60.0,27.0,2.2222222222222223
IND174101AAB,IND134102AAA,1,56.0,21.0,2.6666666666666665
IND174101AAB,IND160002AAC,9,199.0,77.0,2.5844155844155843
IND174103AAA,IND160002AAC,2,177.5,65.5,2.7099236641221376
IND174307AAA,IND176041AAA,11,66.0,54.0,1.2222222222222223
IND175001AAA,IND175101AAA,10,146.0,74.5,1.9597315436241611
IND175015AAA,IND174001AAA,13,966.0,133.0,7.2631578947368425
IND175018AAA,IND175001AAA,9,45.0,15.0,3.0
IND175101AAA,IND160002AAC,1,639.0,264.0,2.4204545454545454
IND176048AAA,IND175015AAA,11,188.0,95.0,1.9789473684210526
IND176061AAA,IND160002AAC,1,1121.0,280.0,4.003571428571429
IND176110AAB,IND177033AAA,9,63.0,30.0,2.1
IND176201AAA,IND176303AAA,9,117.0,74.0,1.5810810810810811
IND176215AAA,IND176061AAA,2,88.0,46.0,1.9130434782608696
IND176303AAA,IND176310AAA,10,90.0,69.0,1.3043478260869565
IND176310AAA,IND145001AAA,13,1065.0,172.0,6.191860465116279
IND177001AAA,IND176110AAB,7,38.0,22.0,1.7272727272727273
IND177033AAA,IND160002AAC,12,458.0,202.0,2.267326732673267
IND177101AAA,IND176001AAA,2,101.0,59.5,1.6974789915966386
IND177203AAA,IND177101AAA,2,54.0,37.0,1.4594594594594594
IND181152AAA,IND184121AAA,4,46.0,32.5,1.4153846153846155
IND181152AAB,IND160002AAC,1,591.0,298.0,1.983221476510067
IND181152AAB,IND181201AAB,3,74.0,23.0,3.217391304347826
IND181152AAB,IND184121AAA,3,55.0,32.0,1.71875
IND181201AAB,IND181152AAB,6,131.0,25.0,5.24
IND184104AAA,IND160002AAC,3,426.0,229.0,1.8602620087336244
IND184104AAA,IND181152AAA,2,107.0,71.0,1.5070422535211268
IND184104AAA,IND181152AAB,1,106.0,71.0,1.4929577464788732
IND184104AAA,IND184121AAA,2,51.5,39.5,1.3037974683544304
IND184121AAA,IND160002AAC,4,496.0,265.5,1.8681732580037664
IND184121AAA,IND181152AAA,1,44.0,32.0,1.375
IND184121AAA,IND184104AAA,2,62.0,38.5,1.6103896103896105
IND201001AAA,IND201007AAA,4,43.0,13.5,3.185185185185185
IND201005AAA,IND201007AAA,1,46.0,14.0,3.2857142857142856
IND201007AAA,IND201001AAA,2,19.0,11.5,1.6521739130434783
IND201007AAA,IND201005AAA,2,54.0,14.5,3.7241379310344827
IND201007AAA,IND201007AAB,1,102.0,19.0,5.368421052631579
IND201007AAA,IND245304AAA,11,82.0,38.0,2.1578947368421053
IND201007AAB,IND110044AAB,10,54.0,33.5,1.6119402985074627
IND201007AAB,IND201007AAA,2,56.5,14.0,4.035714285714286
IND201007AAB,IND201301AAF,5,44.0,16.0,2.75
IND201204AAA,IND250002AAA,5,37.0,21.0,1.7619047619047619
IND201301AAD,IND110037AAM,2,188.5,36.0,5.236111111111111
IND201301AAF,IND201304AAA,12,28.5,16.0,1.78125
IND201301AAF,IND203205AAA,13,98.0,45.0,2.1777777777777776
IND201301AAL,IND201301AAF,7,40.0,26.0,1.5384615384615385
IND201301AAL,IND201307AAA,5,26.0,21.0,1.2380952380952381
IND201301AAM,IND000000ACB,21,232.0,80.0,2.9
IND201304AAA,IND201301AAF,14,30.0,13.0,2.3076923076923075
IND201306AAA,IND201301AAF,7,62.0,19.0,3.263157894736842
IND201306AAA,IND201304AAA,1,174.0,15.0,11.6
IND201307AAA,IND201301AAL,20,32.0,21.0,1.5238095238095237
IND202001AAB,IND110037AAM,1,271.0,130.0,2.0846153846153848
IND202001AAB,IND205001AAB,8,264.5,104.0,2.543269230769231
IND202001AAB,IND207123AAA,2,144.5,60.5,2.3884297520661155
IND202001AAB,IND282002AAD,3,137.0,76.0,1.8026315789473684
IND202001AAC,IND204215AAA,4,68.5,24.0,2.8541666666666665
IND203001AAA,IND203131AAA,4,46.0,12.0,3.8333333333333335
IND203131AAA,IND203135AAA,11,58.0,38.0,1.5263157894736843
IND203135AAA,IND203390AAA,2,160.5,92.5,1.7351351351351352
IND203135AAA,IND203396AAB,9,90.0,58.0,1.5517241379310345
IND203390AAA,IND201301AAF,14,247.0,96.0,2.5729166666666665
IND203396AAB,IND203390AAA,11,53.0,39.0,1.358974358974359
IND204101AAA,IND202001AAB,1,54.0,29.0,1.8620689655172413
IND204215AAA,IND207001AAA,6,70.5,22.5,3.1333333333333333
IND205001AAB,IND110037AAM,1,770.0,232.0,3.3189655172413794
IND205001AAB,IND205135AAA,7,81.0,40.0,2.025
IND205001AAB,IND209625AAA,1,158.0,59.0,2.6779661016949152
IND205001AAB,IND209721AAB,4,94.0,41.0,2.292682926829268
IND205135AAA,IND283203AAA,8,44.0,19.0,2.3157894736842106
IND206001AAA,IND000000ACB,13,457.0,232.0,1.9698275862068966
IND206122AAA,IND206001AAA,11,73.0,47.0,1.553191489361702
IND207001AAA,IND207302AAA,6,67.5,42.0,1.6071428571428572
IND207123AAA,IND202001AAB,1,413.0,51.0,8.098039215686274
IND207247AAB,IND205001AAB,5,126.0,54.0,2.3333333333333335
IND207302AAA,IND202001AAB,6,249.5,51.0,4.892156862745098
IND208012AAA,IND209304AAA,8,608.0,17.0,35.76470588235294
IND208017AAA,IND209304AAA,5,257.0,12.0,21.416666666666668
IND208019AAA,IND209304AAA,3,155.0,16.0,9.6875
IND209101AAA,IND209111AAA,10,35.0,46.0,0.7608695652173914
IND209111AAA,IND285001AAD,15,84.0,36.0,2.3333333333333335
IND209206AAB,IND210301AAA,11,31.0,15.0,2.066666666666667
IND209304AAA,IND000000ACB,24,649.0,328.0,1.978658536585366
IND209304AAA,IND110037AAM,4,957.5,347.5,2.7553956834532376
IND209304AAA,IND206122AAA,12,81.5,49.0,1.663265306122449
IND209304AAA,IND208006AAA,7,74.0,25.0,2.96
IND209304AAA,IND208012AAA,13,35.0,21.0,1.6666666666666667
IND209304AAA,IND208019AAA,13,86.0,16.0,5.375
IND209304AAA,IND209101AAA,11,65.0,15.0,4.333333333333333
IND209304AAA,IND209206AAB,12,47.0,58.0,0.8103448275862069
IND209304AAA,IND209801AAA,13,126.0,36.0,3.5
IND209304AAA,IND211002AAB,14,247.0,139.0,1.776978417266187
IND209304AAA,IND212601AAA,12,157.0,68.0,2.3088235294117645
IND209304AAA,IND221313AAA,1,472.0,231.0,2.0432900432900434
IND209304AAA,IND282001AAA,2,336.0,189.0,1.7777777777777777
IND209625AAA,IND241124AAB,6,89.0,66.0,1.3484848484848484
IND209721AAB,IND209625AAA,4,47.5,32.5,1.4615384615384615
IND209801AAA,IND209304AAA,4,736.0,32.5,22.646153846153847
IND210001AAA,IND210427AAA,9,147.0,40.0,3.675
IND210427AAA,IND209304AAA,8,400.0,119.0,3.361344537815126
IND210431AAA,IND209304AAA,4,298.0,111.0,2.684684684684685
IND210501AAB,IND209304AAA,10,244.0,91.0,2.681318681318681
IND211002AAB,IND209304AAA,10,253.5,138.0,1.8369565217391304
IND211002AAB,IND211011AAA,7,35.0,7.0,5.0
IND211002AAB,IND211013AAA,7,74.0,15.0,4.933333333333334
IND211002AAB,IND485001AAC,13,329.0,133.0,2.473684210526316
IND211008AAA,IND211002AAB,6,148.5,16.0,9.28125
IND211011AAA,IND212501AAA,8,82.0,21.0,3.9047619047619047
IND212402AAA,IND211002AAB,7,1047.0,36.0,29.083333333333332
IND212501AAA,IND212402AAA,8,43.0,25.0,1.72
IND212601AAA,IND210001AAA,12,135.0,61.5,2.1951219512195124
IND221010AAB,IND222001AAA,1,112.0,41.0,2.731707317073171
IND221010AAB,IND232101AAB,1,567.0,21.0,27.0
IND221010AAB,IND233001AAA,3,628.0,56.0,11.214285714285714
IND221303AAA,IND231001AAA,2,35.0,23.5,1.4893617021276595
IND221401AAA,IND221303AAA,1,48.0,16.0,3.0
IND221706AAA,IND273014AAB,8,341.5,88.0,3.8806818181818183
IND222001AAA,IND222136AAA,1,35.0,12.0,2.9166666666666665
IND223101AAB,IND222125AAB,3,59.0,28.0,2.107142857142857
IND224001AAA,IND224141AAB,10,77.5,25.5,3.0392156862745097
IND224141AAB,IND224122AAA,13,57.0,20.0,2.85
IND226004AAA,IND226016AAA,4,86.5,20.0,4.325
IND226004AAA,IND226024AAA,1,35.0,13.0,2.6923076923076925
IND231205AAA,IND231216AAA,3,66.0,21.0,3.142857142857143
IND231208AAA,IND231217AAA,6,42.5,23.5,1.8085106382978724
IND231217AAA,IND231225AAB,7,61.0,26.0,2.3461538461538463
IND231225AAB,IND486886AAA,7,44.0,27.0,1.6296296296296295
IND232101AAB,IND232104AAB,4,35.0,12.0,2.9166666666666665
IND232104AAB,IND221010AAB,1,72.0,30.0,2.4
IND232104AAB,IND232327AAA,1,162.0,76.0,2.1315789473684212
IND233001AAA,IND275101AAA,3,100.0,29.0,3.4482758620689653
IND233001AAA,IND275503AAA,1,145.0,42.0,3.4523809523809526
IND241124AAB,IND242001AAA,3,35.0,17.0,2.0588235294117645
IND242221AAA,IND207247AAB,5,283.0,90.0,3.1444444444444444
IND242307AAB,IND207247AAB,1,266.0,132.0,2.015151515151515
IND242307AAB,IND242221AAA,5,60.0,41.0,1.4634146341463414
IND243001AAA,IND243503AAB,9,62.0,27.0,2.2962962962962963
IND243001AAA,IND244901AAB,1,83.0,45.0,1.8444444444444446
IND243201AAA,IND262001AAA,2,87.5,44.5,1.9662921348314606
IND243301AAB,IND244901AAB,7,110.0,85.0,1.2941176470588236
IND243301AAB,IND244901AAC,2,109.0,85.0,1.2823529411764707
IND243503AAB,IND244901AAB,7,183.0,66.0,2.772727272727273
IND244001AAA,IND263153AAB,9,183.0,91.0,2.010989010989011
IND244221AAA,IND131028AAB,15,252.0,128.0,1.96875
IND244235AAA,IND244901AAB,14,90.5,103.0,0.8786407766990292
IND244301AAA,IND244412AAA,8,48.0,31.0,1.5483870967741935
IND244412AAA,IND243301AAB,8,66.0,88.0,0.75
IND244412AAA,IND244901AAB,2,129.5,79.5,1.628930817610063
IND244501AAA,IND244601AAB,8,93.0,71.5,1.3006993006993006
IND244601AAB,IND244901AAB,8,98.0,81.5,1.2024539877300613
IND244713AAA,IND263401AAA,11,44.0,23.0,1.9130434782608696
IND244715AAA,IND244713AAA,11,36.0,39.0,0.9230769230769231
IND244901AAB,IND243002AAA,10,103.0,45.0,2.2888888888888888
IND244901AAB,IND243201AAA,1,185.0,64.0,2.890625
IND244901AAB,IND244221AAA,14,98.5,99.0,0.9949494949494949
IND244901AAB,IND244301AAA,7,90.0,109.0,0.8256880733944955
IND244901AAB,IND244921AAB,4,70.0,23.0,3.0434782608695654
IND244901AAB,IND246725AAB,9,149.0,125.0,1.192
IND244921AAB,IND243201AAA,1,72.0,39.0,1.8461538461538463
IND244921AAB,IND262001AAA,1,168.0,83.0,2.0240963855421685
IND245101AAA,IND245304AAA,15,42.0,18.0,2.3333333333333335
IND245304AAA,IND201007AAA,13,90.0,35.0,2.5714285714285716
IND245304AAA,IND245101AAA,14,26.5,16.0,1.65625
IND246149AAA,IND249407AAA,11,156.0,57.0,2.736842105263158
IND246174AAA,IND246444AAB,11,110.0,93.0,1.1827956989247312
IND246424AAA,IND246174AAA,10,175.0,138.0,1.2681159420289856
IND246444AAB,IND246424AAA,11,60.0,42.0,1.4285714285714286
IND246701AAA,IND246763AAA,9,50.0,25.0,2.0
IND246725AAB,IND246701AAA,7,53.0,35.0,1.5142857142857142
IND246761AAA,IND244501AAA,10,46.0,99.0,0.46464646464646464
IND246761AAA,IND244901AAB,1,149.0,122.0,1.221311475409836
IND246763AAA,IND246761AAA,11,77.0,31.0,2.4838709677419355
IND247554AAA,IND248001AAA,9,154.0,129.0,1.193798449612403
IND247554AAA,IND248001AAD,2,180.5,128.0,1.41015625
IND247667AAA,IND249407AAA,10,84.0,38.0,2.210526315789474
IND247776AAA,IND251309AAB,9,32.0,18.0,1.7777777777777777
IND248001AAA,IND131028AAB,11,431.0,214.0,2.014018691588785
IND248001AAD,IND131028AAB,9,449.0,212.0,2.1179245283018866
IND248122AAB,IND248001AAA,8,72.5,37.5,1.9333333333333333
IND248197AAA,IND248122AAB,9,122.0,46.0,2.652173913043478
IND249201AAA,IND249407AAA,12,220.5,27.0,8.166666666666666
IND249407AAA,IND131028AAB,13,491.0,178.0,2.758426966292135
IND249407AAA,IND246149AAA,13,136.0,58.0,2.3448275862068964
IND249407AAA,IND249201AAA,11,54.0,26.0,2.076923076923077
IND250002AAA,IND131028AAB,5,132.0,67.0,1.9701492537313432
IND250611AAA,IND247776AAA,8,63.0,32.5,1.9384615384615385
IND251001AAA,IND247554AAA,10,46.0,24.0,1.9166666666666667
IND251201AAA,IND250002AAA,1,78.0,41.0,1.9024390243902438
IND251309AAB,IND131028AAB,6,140.0,70.5,1.9858156028368794
IND261001AAA,IND262701AAA,14,116.5,50.0,2.33
IND261201AAB,IND261001AAA,13,84.0,32.0,2.625
IND262001AAA,IND244901AAB,1,148.0,81.0,1.8271604938271604
IND262001AAA,IND262122AAB,4,63.5,37.0,1.7162162162162162
IND262122AAB,IND244901AAB,2,273.5,101.5,2.6945812807881775
IND262405AAA,IND263153AAB,2,307.0,41.0,7.487804878048781
IND262501AAA,IND263153AAB,5,433.0,215.0,2.013953488372093
IND262701AAA,IND262802AAA,14,51.0,24.0,2.125
IND262802AAA,IND262723AAB,15,175.0,69.0,2.536231884057971
IND263002AAA,IND263645AAA,11,103.0,84.0,1.2261904761904763
IND263139AAA,IND263153AAB,6,56.5,41.5,1.3614457831325302
IND263153AAB,IND131028AAB,10,456.0,228.0,2.0
IND263153AAB,IND244715AAA,11,144.0,93.0,1.5483870967741935
IND263153AAB,IND263002AAA,10,148.5,99.0,1.5
IND263153AAB,IND263139AAA,7,95.0,41.0,2.317073170731707
IND263153AAB,IND263401AAA,1,99.0,39.0,2.5384615384615383
IND263401AAA,IND244713AAA,1,53.0,22.0,2.409090909090909
IND263401AAA,IND263153AAB,9,71.0,39.0,1.8205128205128205
IND263601AAA,IND262501AAA,8,234.5,122.0,1.9221311475409837
IND263601AAA,IND263153AAB,1,328.0,164.0,2.0
IND263601AAA,IND263645AAA,1,105.0,52.0,2.019230769230769
IND263645AAA,IND263601AAA,11,104.0,51.0,2.0392156862745097
IND271001AAA,IND271201AAA,5,128.0,32.0,4.0
IND271001AAA,IND271210AAA,1,2536.0,50.0,50.72
IND271201AAA,IND271210AAA,6,48.5,21.0,2.3095238095238093
IND271210AAA,IND271001AAA,9,150.0,47.0,3.1914893617021276
IND272001AAA,IND273014AAB,4,129.0,76.0,1.6973684210526316
IND272155AAA,IND272001AAA,2,32.5,24.5,1.3265306122448979
IND272207AAB,IND272153AAC,3,52.0,17.0,3.0588235294117645
IND273014AAB,IND209304AAA,3,676.0,289.0,2.339100346020761
IND273014AAB,IND273155AAA,3,63.0,33.0,1.9090909090909092
IND273014AAB,IND274001AAA,10,129.0,41.0,3.1463414634146343
IND273014AAB,IND274301AAB,1,98.0,41.0,2.3902439024390243
IND273014AAB,IND277303AAC,14,198.0,101.0,1.9603960396039604
IND273155AAA,IND273303AAA,1,23.0,15.0,1.5333333333333334
IND273303AAA,IND273304AAA,1,97.0,24.0,4.041666666666667
IND273304AAA,IND273014AAB,12,256.5,63.5,4.039370078740157
IND274001AAA,IND273014AAB,1,237.0,42.0,5.642857142857143
IND274001AAA,IND274509AAB,8,48.0,24.0,2.0
IND274301AAB,IND273014AAB,10,169.5,37.0,4.581081081081081
IND274304AAA,IND274304AAB,4,63.0,13.0,4.846153846153846
IND274304AAB,IND274301AAB,8,40.5,17.0,2.3823529411764706
IND274304AAB,IND274304AAA,1,32.0,11.0,2.909090909090909
IND274402AAA,IND274301AAB,1,100.0,30.0,3.3333333333333335
IND274402AAA,IND274304AAB,2,46.0,13.0,3.5384615384615383
IND274509AAB,IND274001AAA,1,53.0,24.0,2.2083333333333335
IND274509AAB,IND274304AAA,1,94.0,47.0,2.0
IND275101AAA,IND275503AAA,2,45.5,11.0,4.136363636363637
IND275303AAA,IND276140AAA,4,35.5,16.0,2.21875
IND275503AAA,IND275303AAA,4,55.5,13.0,4.269230769230769
IND276128AAA,IND276305AAA,3,56.0,34.0,1.6470588235294117
IND276129AAA,IND221010AAB,1,278.0,75.0,3.7066666666666666
IND276140AAA,IND276129AAA,1,88.0,37.0,2.3783783783783785
IND276305AAA,IND223101AAB,3,63.0,25.0,2.52
IND277201AAA,IND221706AAA,5,142.0,62.0,2.2903225806451615
IND277211AAA,IND277201AAA,4,51.5,21.0,2.4523809523809526
IND277303AAC,IND277211AAA,6,52.0,37.0,1.4054054054054055
IND281121AAB,IND110037AAM,9,247.0,119.0,2.0756302521008405
IND281401AAA,IND121004AAB,2,141.0,65.5,2.1526717557251906
IND281401AAA,IND321022AAA,6,50.5,38.0,1.3289473684210527
IND282001AAA,IND110037AAM,5,314.0,193.0,1.6269430051813472
IND282001AAC,IND000000ACB,2,291.0,178.5,1.6302521008403361
IND282001AAF,IND283122AAB,12,46.5,19.0,2.4473684210526314
IND282002AAD,IND204101AAA,1,135.0,44.0,3.0681818181818183
IND282002AAD,IND205001AAB,2,245.5,234.0,1.0491452991452992
IND282002AAD,IND281004AAA,1,93.0,77.0,1.2077922077922079
IND282002AAD,IND474003AAA,3,196.0,121.0,1.6198347107438016
IND283122AAB,IND282005AAA,3,401.0,22.0,18.227272727272727
IND283122AAB,IND328001AAA,1,72.0,60.0,1.2
IND283203AAA,IND110037AAM,10,435.5,196.0,2.2219387755102042
IND284001AAA,IND284403AAA,5,122.0,78.0,1.564102564102564
IND284403AAA,IND472001AAA,1,131.0,74.0,1.7702702702702702
IND284403AAA,IND474003AAA,1,521.0,208.0,2.5048076923076925
IND285001AAD,IND285205AAB,14,48.5,32.0,1.515625
IND285205AAB,IND210431AAA,4,190.5,80.0,2.38125
IND301001AAB,IND302014AAA,2,306.5,114.5,2.6768558951965065
IND301001AAB,IND321001AAB,8,108.0,65.0,1.6615384615384616
IND301001AAB,IND321606AAA,2,195.5,67.5,2.8962962962962964
IND301019AAA,IND123001AAA,2,156.5,64.0,2.4453125
IND301019AAA,IND301705AAA,6,156.0,47.5,3.2842105263157895
IND301705AAA,IND123001AAA,1,80.0,31.0,2.5806451612903225
IND302004AAA,IND302014AAB,8,41.5,15.0,2.7666666666666666
IND302006AAA,IND302014AAB,9,54.0,12.0,4.5
IND302014AAA,IND000000ACB,13,327.0,165.0,1.981818181818182
IND302014AAA,IND110037AAM,7,382.0,205.0,1.8634146341463416
IND302014AAA,IND301001AAB,14,214.0,117.0,1.829059829059829
IND302014AAA,IND303702AAB,6,83.5,38.0,2.1973684210526314
IND302014AAA,IND305001AAC,11,275.0,108.0,2.5462962962962963
IND302014AAA,IND306401AAB,2,495.0,220.5,2.2448979591836733
IND302014AAA,IND313001AAB,8,567.0,287.5,1.9721739130434783
IND302014AAB,IND302004AAA,20,37.0,16.5,2.242424242424242
IND302014AAB,IND302006AAA,12,31.0,16.0,1.9375
IND302014AAB,IND302006AAC,15,45.0,20.0,2.25
IND302014AAB,IND302020AAA,13,24.0,12.0,2.0
IND302014AAB,IND302023AAA,12,60.0,23.0,2.608695652173913
IND302014AAB,IND302026AAA,13,69.0,18.0,3.8333333333333335
IND302014AAB,IND303008AAB,5,103.0,55.0,1.8727272727272728
IND302014AAB,IND303301AAB,8,42.0,32.0,1.3125
IND302014AAB,IND303303AAA,1,70.0,56.0,1.25
IND302014AAB,IND303603AAB,1,122.0,72.0,1.6944444444444444
IND302014AAB,IND303901AAA,6,63.5,20.0,3.175
IND302020AAA,IND302014AAB,13,26.0,11.0,2.3636363636363638
IND302022AAD,IND000000ACB,7,314.0,165.0,1.903030303030303
IND302026AAA,IND302014AAB,2,258.0,17.0,15.176470588235293
IND303002AAA,IND302014AAA,7,61.0,35.0,1.7428571428571429
IND303008AAB,IND303338AAB,5,44.0,30.0,1.4666666666666666
IND303106AAA,IND302014AAA,1,125.0,60.0,2.0833333333333335
IND303106AAA,IND303002AAA,6,30.0,20.0,1.5
IND303108AAB,IND303106AAA,6,47.5,31.0,1.532258064516129
IND303301AAB,IND303303AAA,10,30.5,22.5,1.3555555555555556
IND303303AAA,IND322230AAA,13,104.0,77.0,1.3506493506493507
IND303338AAB,IND303603AAB,5,54.0,57.0,0.9473684210526315
IND303503AAA,IND302014AAB,8,97.5,57.5,1.6956521739130435
IND303603AAB,IND302014AAB,5,183.0,74.0,2.472972972972973
IND303603AAB,IND303338AAB,1,50.0,57.0,0.8771929824561403
IND303702AAB,IND332001AAB,3,104.0,62.0,1.6774193548387097
IND303702AAB,IND332404AAA,5,37.0,25.0,1.48
IND303901AAA,IND304001AAA,2,81.0,42.0,1.9285714285714286
IND305001AAC,IND305802AAA,6,57.0,26.0,2.1923076923076925
IND305001AAC,IND305901AAA,12,93.0,44.0,2.1136363636363638
IND305001AAC,IND306401AAB,12,245.5,123.0,1.9959349593495934
IND305001AAC,IND342602AAC,1,196.0,96.0,2.0416666666666665
IND305404AAA,IND305601AAC,9,80.0,55.0,1.4545454545454546
IND305601AAC,IND305001AAC,13,68.0,34.0,2.0
IND305624AAA,IND305404AAA,4,133.5,74.0,1.804054054054054
IND305802AAA,IND341512AAA,4,70.0,35.0,2.0
IND305901AAA,IND342602AAC,4,98.0,54.0,1.8148148148148149
IND306116AAA,IND306001AAA,2,188.0,80.5,2.3354037267080745
IND306304AAB,IND311302AAA,1,88.0,46.0,1.9130434782608696
IND306401AAB,IND302014AAA,11,431.0,216.0,1.9953703703703705
IND306401AAB,IND305001AAC,15,364.0,123.0,2.959349593495935
IND306401AAB,IND342005AAD,15,92.0,54.0,1.7037037037037037
IND306401AAB,IND343001AAA,3,174.0,87.0,2.0
IND307001AAA,IND306902AAA,1,34.0,26.0,1.3076923076923077
IND311001AAA,IND313324AAA,5,120.0,65.0,1.8461538461538463
IND311301AAA,IND305624AAA,3,145.0,35.0,4.142857142857143
IND311302AAA,IND305624AAA,3,234.0,33.0,7.090909090909091
IND312001AAA,IND311001AAA,13,72.0,46.0,1.565217391304348
IND312001AAA,IND312601AAA,4,83.0,73.5,1.129251700680272
IND312403AAA,IND312001AAA,3,108.0,76.0,1.4210526315789473
IND312601AAA,IND458664AAA,4,51.0,40.5,1.2592592592592593
IND312605AAB,IND313001AAB,5,308.0,137.0,2.2481751824817517
IND312605AAB,IND458001AAB,7,60.0,32.0,1.875
IND313001AAB,IND306401AAB,11,291.0,141.0,2.0638297872340425
IND313001AAB,IND311001AAA,1,291.0,110.0,2.6454545454545455
IND313001AAB,IND312001AAA,13,164.0,79.0,2.0759493670886076
IND313001AAB,IND327001AAB,4,510.0,151.0,3.377483443708609
IND313001AAB,IND382430AAB,7,409.0,191.0,2.141361256544503
IND313324AAA,IND313001AAB,14,85.5,48.0,1.78125
IND321001AAA,IND301001AAB,2,614.0,96.5,6.362694300518135
IND321001AAA,IND321401AAB,6,49.5,38.5,1.2857142857142858
IND321001AAB,IND321001AAA,3,40.0,31.0,1.2903225806451613
IND321001AAB,IND321401AAB,1,125.0,65.0,1.9230769230769231
IND321022AAA,IND121004AAB,7,264.0,83.0,3.180722891566265
IND321408AAB,IND321606AAA,3,63.0,35.0,1.8
IND321606AAA,IND301001AAB,4,531.0,69.0,7.695652173913044
IND321606AAA,IND321001AAA,2,91.5,48.5,1.8865979381443299
IND322201AAA,IND302014AAB,1,173.0,89.0,1.9438202247191012
IND322201AAA,IND303503AAA,9,53.0,30.0,1.7666666666666666
IND322230AAA,IND322241AAA,13,45.0,28.0,1.6071428571428572
IND322241AAA,IND322201AAA,12,53.5,23.0,2.3260869565217392
IND327001AAB,IND312605AAB,1,90.0,63.0,1.4285714285714286
IND328001AAA,IND000000ACB,1,305.0,198.0,1.5404040404040404
IND328001AAA,IND282002AAD,1,178.0,66.0,2.696969696969697
IND328001AAA,IND474003AAA,6,92.5,58.5,1.5811965811965811
IND331022A1B,IND331001A1C,1,128.0,49.0,2.6122448979591835
IND331304AAA,IND332001AAB,2,439.5,107.0,4.107476635514018
IND331507AAA,IND302014AAA,3,401.0,166.0,2.4156626506024095
IND331701AAA,IND125001AAA,1,351.0,64.0,5.484375
IND332001AAB,IND333001AAA,1,67.0,57.0,1.1754385964912282
IND332001AAB,IND333028AAA,2,134.0,92.0,1.4565217391304348
IND332001AAB,IND333031AAA,2,215.0,95.0,2.263157894736842
IND332001AAB,IND333042AAA,11,56.0,39.0,1.435897435897436
IND332001AAB,IND334001AAB,7,253.0,154.0,1.6428571428571428
IND332001AAB,IND334001AAC,2,248.5,154.0,1.6136363636363635
IND332404AAA,IND332001AAB,7,52.0,37.0,1.4054054054054055
IND332713AAA,IND332709AAA,2,144.0,36.5,3.9452054794520546
IND332713AAA,IND332715AAB,1,101.0,49.0,2.061224489795918
IND333001AAA,IND333028AAA,1,61.0,43.0,1.4186046511627908
IND333028AAA,IND333502AAA,1,54.0,47.0,1.148936170212766
IND333031AAA,IND331023AAA,2,83.5,28.0,2.982142857142857
IND333042AAA,IND333031AAA,8,119.0,73.5,1.619047619047619
IND333504AAA,IND332713AAA,1,75.0,39.0,1.9230769230769231
IND334001AAB,IND334803AAA,2,91.5,48.0,1.90625
IND334001AAC,IND334803AAA,3,73.0,45.0,1.6222222222222222
IND334001AAC,IND341001AAC,1,136.0,84.0,1.619047619047619
IND334803AAA,IND341001AAC,3,79.0,37.0,2.135135135135135
IND335001AAA,IND125104AAA,6,149.5,80.0,1.86875
IND335051AAA,IND335513AAA,5,214.0,100.0,2.14
IND335501AAA,IND331701AAA,1,36.0,21.0,1.7142857142857142
IND335513AAA,IND335001AAA,6,89.5,50.0,1.79
IND335513AAA,IND335803AAA,4,37.5,29.5,1.271186440677966
IND335513AAA,IND335804AAD,1,81.0,54.0,1.5
IND335524AAA,IND335523AAB,1,54.0,47.0,1.148936170212766
IND335701AAA,IND335051AAA,2,88.0,48.0,1.8333333333333333
IND335703AAA,IND335701AAA,4,37.0,32.0,1.15625
IND335803AAA,IND335804AAD,2,41.0,24.0,1.7083333333333333
IND335804AAD,IND335701AAA,2,83.0,70.0,1.1857142857142857
IND335804AAD,IND335703AAA,4,44.0,38.0,1.1578947368421053
IND341001AAC,IND341030AAA,1,58.0,39.0,1.4871794871794872
IND341001AAC,IND341303AAA,4,132.5,84.0,1.5773809523809523
IND341030AAA,IND341303AAA,2,66.0,44.5,1.4831460674157304
IND341303AAA,IND341306AAA,8,42.0,24.5,1.7142857142857142
IND341306AAA,IND302014AAA,3,400.0,171.0,2.3391812865497075
IND341503AAB,IND341510AAB,7,81.0,33.0,2.4545454545454546
IND341505AAA,IND341503AAB,6,137.5,68.0,2.0220588235294117
IND341505AAA,IND341510AAB,1,215.0,107.0,2.0093457943925235
IND341510AAB,IND305001AAC,8,128.5,55.0,2.3363636363636364
IND341512AAA,IND341505AAA,3,42.0,23.0,1.826086956521739
IND342005AAD,IND342601AAA,6,106.5,49.5,2.1515151515151514
IND342005AAD,IND342902A1B,1,158.0,94.0,1.6808510638297873
IND342005AAD,IND342902AAA,5,207.0,94.0,2.202127659574468
IND342005AAD,IND344022AAB,3,142.0,75.0,1.8933333333333333
IND342301AAA,IND342005AAD,10,718.0,127.0,5.653543307086614
IND342601AAA,IND342902A1B,3,84.0,43.0,1.9534883720930232
IND342601AAA,IND342902AAA,3,68.0,41.0,1.6585365853658536
IND342602AAC,IND306304AAB,1,93.0,43.0,2.1627906976744184
IND342602AAC,IND311302AAA,2,142.0,76.0,1.868421052631579
IND342902A1B,IND302014AAA,6,464.5,185.0,2.5108108108108107
IND342902AAA,IND302014AAA,5,458.0,186.0,2.4623655913978495
IND343001AAA,IND343029AAB,2,85.5,65.0,1.3153846153846154
IND343029AAB,IND307001AAA,2,98.0,70.0,1.4
IND344001AAA,IND342301AAA,3,333.0,199.0,1.6733668341708543
IND344001AAA,IND345001AAA,6,149.5,194.5,0.7686375321336761
IND344001AAA,IND345021AAA,1,266.0,160.0,1.6625
IND344022AAB,IND342301AAA,1,497.0,199.0,2.4974874371859297
IND344022AAB,IND344001AAA,4,99.5,68.5,1.4525547445255473
IND345001AAA,IND342301AAA,1,210.0,120.0,1.75
IND345001AAA,IND345021AAA,4,103.0,77.0,1.3376623376623376
IND345021AAA,IND342301AAA,6,67.5,45.0,1.5
IND360003AAA,IND360311AAA,2,53.5,25.5,2.0980392156862746
IND360311AAA,IND360050AAA,1,62.0,45.0,1.3777777777777778
IND360370AAA,IND360410AAA,1,32.0,13.0,2.4615384615384617
IND360410AAA,IND360490AAA,1,40.0,13.0,3.076923076923077
IND360490AAA,IND362001AAA,7,80.0,36.0,2.2222222222222223
IND360510AAB,IND360530AAB,8,39.5,25.5,1.5490196078431373
IND360530AAB,IND362001AAA,11,127.0,69.0,1.8405797101449275
IND360575AAA,IND360510AAB,8,69.5,40.0,1.7375
IND361001AAA,IND361305AAC,9,65.0,39.0,1.6666666666666667
IND361305AAC,IND361315AAA,8,55.5,32.0,1.734375
IND361315AAA,IND361335AAA,9,43.0,28.0,1.5357142857142858
IND361335AAA,IND360002AAB,1,250.0,187.0,1.3368983957219251
IND362001AAA,IND360370AAA,8,45.5,23.0,1.9782608695652173
IND362001AAA,IND360575AAA,7,118.0,84.0,1.4047619047619047
IND362001AAA,IND362220AAA,10,49.0,24.0,2.0416666666666665
IND362001AAA,IND362265AAA,1,120.0,56.0,2.142857142857143
IND362150AAA,IND362001AAA,8,110.5,67.0,1.6492537313432836
IND362220AAA,IND362225AAA,5,48.0,25.0,1.92
IND362225AAA,IND362265AAA,5,49.0,27.0,1.8148148148148149
IND362265AAA,IND362720AAA,11,87.0,35.0,2.4857142857142858
IND362560AAA,IND362150AAA,8,109.5,61.0,1.7950819672131149
IND362720AAA,IND362560AAA,12,56.0,27.5,2.036363636363636
IND363001AAA,IND363421AAB,9,38.0,33.0,1.1515151515151516
IND363310AAB,IND382430AAB,9,203.0,143.0,1.4195804195804196
IND363330AAB,IND363310AAB,7,57.0,37.0,1.5405405405405406
IND363421AAB,IND364710AAA,9,74.0,38.0,1.9473684210526316
IND363520AAC,IND363001AAA,8,58.0,49.0,1.183673469387755
IND363621AAB,IND360002AAB,2,59.0,34.0,1.7352941176470589
IND363641AAA,IND360002AAB,1,122.0,68.0,1.7941176470588236
IND363641AAA,IND363621AAB,3,49.0,33.0,1.4848484848484849
IND364004AAB,IND365560AAA,5,148.0,78.0,1.8974358974358974
IND365560AAA,IND365560AAB,5,100.0,59.0,1.694915254237288
IND365560AAB,IND364290AAA,7,74.0,29.0,2.5517241379310347
IND370001AAA,IND370110AAA,4,188.5,29.0,6.5
IND370001AAA,IND370201AAA,1,285.0,44.0,6.4772727272727275
IND370001AAA,IND370615AAB,6,78.0,43.5,1.793103448275862
IND370110AAA,IND370001AAA,10,62.0,31.5,1.9682539682539681
IND370110AAA,IND370615AAB,1,153.0,73.0,2.095890410958904
IND370201AAA,IND363310AAB,1,289.0,171.0,1.6900584795321638
IND370201AAA,IND363330AAB,7,190.0,135.0,1.4074074074074074
IND370615AAB,IND370001AAA,3,291.0,46.0,6.326086956521739
IND380005AAA,IND382421AAA,5,27.0,9.0,3.0
IND380005AAA,IND382430AAB,1,69.0,23.0,3.0
IND380005AAA,IND382721AAA,2,61.0,19.0,3.210526315789474
IND380006AAA,IND382430AAB,9,26.0,10.0,2.6
IND380006AAB,IND382430AAB,15,43.0,12.0,3.5833333333333335
IND380021AAA,IND382430AAB,21,42.0,13.0,3.230769230769231
IND380054AAA,IND382430AAB,14,42.0,17.0,2.4705882352941178
IND382421AAA,IND382430AAB,10,147.0,34.0,4.323529411764706
IND382421AAA,IND382721AAA,9,20.0,17.0,1.1764705882352942
IND382430AAB,IND000000ACB,11,1167.0,630.0,1.8523809523809525
IND382430AAB,IND313001AAB,11,388.0,195.0,1.9897435897435898
IND382430AAB,IND364004AAB,11,214.0,131.0,1.633587786259542
IND382430AAB,IND370201AAA,12,478.0,320.5,1.4914196567862714
IND382430AAB,IND380005AAA,23,50.0,23.0,2.1739130434782608
IND382430AAB,IND380015AAB,23,29.0,12.0,2.4166666666666665
IND382430AAB,IND380054AAA,26,38.0,17.0,2.235294117647059
IND382430AAB,IND382345AAA,24,34.0,16.0,2.125
IND382430AAB,IND384205AAA,13,113.0,85.0,1.3294117647058823
IND382430AAB,IND388320AAA,9,79.0,77.0,1.025974025974026
IND382430AAB,IND389001AAA,15,164.0,98.0,1.6734693877551021
IND382430AAB,IND395023AAA,25,373.0,204.0,1.8284313725490196
IND382715AAA,IND382430AAB,12,110.0,54.0,2.037037037037037
IND382721AAA,IND382430AAB,9,112.0,41.0,2.731707317073171
IND383001AAA,IND383315AAC,8,52.0,41.0,1.2682926829268293
IND383255AAB,IND384205AAA,7,146.0,104.0,1.4038461538461537
IND383315AAC,IND383255AAB,8,109.0,91.0,1.1978021978021978
IND384170AAA,IND384265AAB,7,29.0,22.0,1.3181818181818181
IND384205AAA,IND382715AAA,12,56.0,40.0,1.4
IND384205AAA,IND383001AAA,8,89.5,59.0,1.5169491525423728
IND384205AAA,IND384170AAA,4,33.0,28.0,1.1785714285714286
IND384205AAA,IND384355AAB,8,54.0,33.0,1.6363636363636365
IND384205AAA,IND385001AAA,1,170.0,62.0,2.7419354838709675
IND384265AAB,IND385320AAA,7,98.0,76.0,1.2894736842105263
IND384265AAB,IND385340AAB,1,140.0,46.0,3.0434782608695654
IND384355AAB,IND384205AAA,1,71.0,31.0,2.2903225806451615
IND384355AAB,IND385001AAA,8,96.0,65.0,1.476923076923077
IND385001AAA,IND385535AAA,10,31.0,18.0,1.7222222222222223
IND385320AAA,IND385340AAB,12,28.0,34.0,0.8235294117647058
IND385340AAB,IND384205AAA,4,129.5,92.0,1.4076086956521738
IND385535AAA,IND384205AAA,12,157.5,79.5,1.9811320754716981
IND387001AAA,IND388220AAA,9,44.0,25.0,1.76
IND388121AAA,IND388620AAB,6,67.5,44.0,1.5340909090909092
IND388220AAA,IND388320AAA,9,46.0,25.0,1.84
IND388320AAA,IND387001AAA,6,24.5,14.5,1.6896551724137931
IND388320AAA,IND388121AAA,1,51.0,12.0,4.25
IND388320AAA,IND390022AAA,6,61.0,31.0,1.967741935483871
IND388620AAB,IND388320AAA,8,78.0,46.0,1.6956521739130435
IND389001AAA,IND389151AAA,15,89.0,50.0,1.78
IND389151AAA,IND457661AAA,8,87.5,31.5,2.7777777777777777
IND390020AAA,IND390022AAA,1,101.0,14.0,7.214285714285714
IND390020AAA,IND391110AAD,2,59.5,34.0,1.75
IND390022AAA,IND382430AAB,8,111.0,70.0,1.5857142857142856
IND390022AAA,IND388320AAA,12,50.5,36.0,1.4027777777777777
IND390022AAA,IND390020AAA,1,102.0,15.0,6.8
IND390022AAA,IND395023AAA,15,227.0,121.0,1.8760330578512396
IND391110AAD,IND390022AAA,1,132.0,34.0,3.8823529411764706
IND395001AAA,IND395023AAD,9,146.0,14.0,10.428571428571429
IND395004AAB,IND395023AAD,3,143.0,17.0,8.411764705882353
IND395006AAA,IND395023AAD,3,146.0,15.0,9.733333333333333
IND395009AAA,IND395023AAD,9,159.0,16.0,9.9375
IND395010AAB,IND395023AAA,1,23.0,16.0,1.4375
IND395023AAA,IND110037AAM,13,1541.0,842.0,1.830166270783848
IND395023AAA,IND382430AAB,15,345.0,187.0,1.8449197860962567
IND395023AAA,IND390022AAA,8,213.5,122.5,1.7428571428571429
IND395023AAA,IND394221AAA,2,62.5,14.0,4.464285714285714
IND395023AAA,IND396191AAC,10,155.0,76.0,2.039473684210526
IND395023AAA,IND411033AAA,6,813.5,291.0,2.79553264604811
IND395023AAA,IND421302AAG,3,494.0,200.0,2.47
IND395023AAA,IND562132AAA,14,1679.0,863.5,1.9444122756224667
IND395023AAD,IND395001AAA,7,33.0,13.0,2.5384615384615383
IND395023AAD,IND395004AAB,10,38.0,15.0,2.533333333333333
IND395023AAD,IND395006AAA,14,25.0,14.0,1.7857142857142858
IND395023AAD,IND395009AAA,4,44.5,15.5,2.870967741935484
IND395023AAD,IND396445AAA,6,30.0,17.0,1.7647058823529411
IND396001AAA,IND395023AAD,4,144.0,60.5,2.3801652892561984
IND396105AAA,IND396191AAC,1,20.0,14.0,1.4285714285714286
IND396191AAB,IND421302AAG,2,269.0,125.5,2.143426294820717
IND396191AAC,IND395023AAA,1,178.0,76.0,2.3421052631578947
IND396191AAC,IND396105AAA,1,22.0,23.0,0.9565217391304348
IND396191AAC,IND396232AAA,11,36.0,14.0,2.5714285714285716
IND396191AAC,IND421302AAG,8,327.5,126.0,2.5992063492063493
IND396232AAA,IND396191AAC,10,50.0,14.0,3.5714285714285716
IND396321AAA,IND396001AAA,6,41.0,26.5,1.5471698113207548
IND396321AAA,IND396580AAB,11,56.0,32.0,1.75
IND396445AAA,IND396321AAA,6,52.5,25.0,2.1
IND396580AAB,IND396321AAA,4,61.0,31.5,1.9365079365079365
IND400011AAA,IND400072AAB,11,34.0,15.0,2.2666666666666666
IND400011AAA,IND400072AAD,34,51.5,18.0,2.861111111111111
IND400015AAA,IND400072AAB,24,56.5,17.0,3.323529411764706
IND400015AAA,IND421302AAG,1,109.0,29.0,3.7586206896551726
IND400015AAB,IND400072AAB,5,78.0,17.0,4.588235294117647
IND400015AAB,IND421302AAG,14,102.0,32.0,3.1875
IND400016AAA,IND400015AAA,1,18.0,10.0,1.8
IND400016AAB,IND400072AAB,1,60.0,12.0,5.0
IND400016AAB,IND400072AAD,10,42.5,13.0,3.269230769230769
IND400037AAA,IND400072AAJ,7,44.0,13.0,3.3846153846153846
IND400064AAB,IND400072AAB,3,35.0,13.0,2.6923076923076925
IND400064AAB,IND400072AAD,12,47.5,14.0,3.392857142857143
IND400072AAA,IND421302AAG,1,84.0,21.0,4.0
IND400072AAB,IND000000AFT,43,48.0,20.0,2.4
IND400072AAB,IND400011AAA,1,46.0,17.0,2.7058823529411766
IND400072AAB,IND400015AAA,38,54.0,17.0,3.176470588235294
IND400072AAB,IND400701AAB,3,46.0,19.0,2.4210526315789473
IND400072AAB,IND401104AAA,45,46.0,15.0,3.066666666666667
IND400072AAB,IND411033AAA,8,198.5,100.0,1.985
IND400072AAB,IND421302AAG,39,71.0,23.0,3.0869565217391304
IND400072AAB,IND421302AAR,11,57.0,25.0,2.28
IND400072AAB,IND421302AAS,1,35.0,24.0,1.4583333333333333
IND400072AAC,IND400011AAA,12,54.5,17.0,3.2058823529411766
IND400072AAD,IND421302AAG,63,58.0,21.0,2.761904761904762
IND400072AAI,IND000000AFS,1,113.0,12.0,9.416666666666666
IND400072AAJ,IND400037AAA,2,108.0,12.0,9.0
IND400102AAB,IND421302AAG,11,81.0,30.0,2.7
IND400102AAC,IND400052AAA,6,47.0,11.5,4.086956521739131
IND400102AAC,IND421302AAG,19,88.0,30.0,2.933333333333333
IND400612AAA,IND421302AAR,6,24.5,12.0,2.0416666666666665
IND400701AAA,IND410206AAA,9,42.0,20.0,2.1
IND400701AAB,IND421302AAG,13,49.0,20.0,2.45
IND400705AAA,IND421302AAH,10,93.0,26.0,3.576923076923077
IND400706AAA,IND000000AFT,1,56.0,11.0,5.090909090909091
IND401104AAA,IND400072AAB,24,50.5,16.0,3.15625
IND401104AAA,IND401208AAA,23,44.0,18.0,2.4444444444444446
IND401104AAA,IND401209AAA,1,58.0,21.0,2.761904761904762
IND401104AAA,IND421302AAG,11,57.0,25.0,2.28
IND401104AAB,IND400072AAB,4,33.5,15.0,2.2333333333333334
IND401104AAB,IND421302AAG,16,72.5,25.0,2.9
IND401209AAA,IND401104AAA,15,134.0,21.0,6.380952380952381
IND401209AAB,IND401104AAA,8,171.0,19.5,8.76923076923077
IND401209AAB,IND421302AAG,1,86.0,35.0,2.4571428571428573
IND401209AAB,IND421302AAH,14,87.5,34.0,2.573529411764706
IND401501AAA,IND401602AAA,10,54.0,25.0,2.16
IND401602AAA,IND401501AAA,10,196.0,26.5,7.39622641509434
IND402107AAA,IND402109AAA,11,70.0,30.0,2.3333333333333335
IND402109AAA,IND402301AAA,13,93.0,47.0,1.9787234042553192
IND402301AAA,IND402107AAA,8,153.5,67.5,2.274074074074074
IND403401AAA,IND403726AAB,2,294.5,35.5,8.295774647887324
IND403507AAA,IND403726AAB,3,50.0,31.0,1.6129032258064515
IND403507AAB,IND403726AAB,1,203.0,44.0,4.613636363636363
IND403601AAA,IND403726AAB,3,21.0,14.0,1.5
IND403702AAA,IND575004AAB,8,528.0,264.0,2.0
IND403726AAA,IND403702AAA,8,86.0,48.0,1.7916666666666667
IND403726AAA,IND411033AAA,14,757.0,390.0,1.941025641025641
IND403726AAA,IND416510AAA,4,194.0,83.5,2.3233532934131738
IND403726AAA,IND575004AAB,2,612.0,313.0,1.9552715654952078
IND403726AAA,IND581303AAA,13,132.0,82.0,1.6097560975609757
IND403726AAA,IND581400AAB,1,208.0,109.0,1.908256880733945
IND403726AAB,IND403002AAA,3,31.0,24.0,1.2916666666666667
IND403726AAB,IND403401AAA,5,50.0,24.0,2.0833333333333335
IND403726AAB,IND403507AAA,5,40.0,29.0,1.3793103448275863
IND403726AAB,IND403507AAB,1,40.0,43.0,0.9302325581395349
IND403726AAB,IND403601AAA,5,22.0,15.0,1.4666666666666666
IND410206AAA,IND000000AFT,6,35.5,15.0,2.3666666666666667
IND410206AAB,IND000000AFT,20,40.5,17.0,2.3823529411764706
IND410401AAA,IND421302AAG,9,166.0,67.0,2.4776119402985075
IND410501AAF,IND411033AAA,2,78.0,15.5,5.032258064516129
IND410505AAB,IND410501AAF,3,49.0,10.0,4.9
IND411014AAA,IND411033AAA,10,74.0,30.5,2.4262295081967213
IND411014AAA,IND411043AAA,3,65.0,15.0,4.333333333333333
IND411014AAA,IND411048AAA,2,48.5,15.0,3.2333333333333334
IND411017AAA,IND412105AAC,1,44.0,17.0,2.588235294117647
IND411021AAA,IND411033AAA,21,29.0,15.0,1.9333333333333333
IND411033AAA,IND000000AAL,14,71.5,27.0,2.6481481481481484
IND411033AAA,IND000000ACB,13,1736.0,1015.0,1.710344827586207
IND411033AAA,IND400072AAB,5,196.0,103.0,1.9029126213592233
IND411033AAA,IND403726AAA,20,798.0,389.0,2.051413881748072
IND411033AAA,IND410505AAB,4,45.5,29.0,1.5689655172413792
IND411033AAA,IND411014AAA,31,77.0,28.0,2.75
IND411033AAA,IND411021AAA,23,25.0,13.0,1.9230769230769231
IND411033AAA,IND411036AAA,24,49.0,28.5,1.719298245614035
IND411033AAA,IND413002AAA,17,377.0,212.0,1.778301886792453
IND411033AAA,IND413501AAA,1,582.0,212.0,2.7452830188679247
IND411033AAA,IND414001AAA,3,190.0,107.0,1.7757009345794392
IND411033AAA,IND416012AAA,13,360.0,220.0,1.6363636363636365
IND411033AAA,IND421302AAG,92,205.0,101.0,2.0297029702970297
IND411033AAA,IND431136AAC,12,376.0,172.0,2.186046511627907
IND411033AAA,IND431603AAA,15,729.0,322.0,2.2639751552795033
IND411033AAA,IND501359AAE,11,791.0,480.0,1.6479166666666667
IND411033AAA,IND521225AAB,10,1325.0,684.0,1.9371345029239766
IND411033AAA,IND562132AAA,10,1102.0,615.0,1.7918699186991869
IND411033AAA,IND580028AAA,1,608.0,354.0,1.7175141242937852
IND411036AAA,IND411033AAA,21,60.0,29.0,2.0689655172413794
IND411043AAA,IND411014AAA,2,70.0,15.5,4.516129032258065
IND411048AAA,IND411014AAA,1,80.0,16.0,5.0
IND412105AAC,IND411017AAA,23,36.0,16.0,2.25
IND412210AAC,IND411033AAA,2,156.0,63.0,2.4761904761904763
IND412803AAB,IND421802AAA,2,34.0,30.5,1.1147540983606556
IND413002AAA,IND413304AAA,4,104.0,53.0,1.9622641509433962
IND413002AAA,IND413501AAA,14,74.0,48.0,1.5416666666666667
IND413002AAA,IND421302AAG,9,728.0,297.0,2.451178451178451
IND413002AAA,IND501359AAE,11,515.0,269.0,1.9144981412639406
IND413304AAA,IND413002AAA,3,104.0,52.0,2.0
IND413304AAA,IND415301AAB,2,71.5,53.0,1.349056603773585
IND413307AAB,IND413304AAA,1,52.0,23.0,2.260869565217391
IND413307AAC,IND413002AAA,1,181.0,65.0,2.7846153846153845
IND413401AAA,IND411033AAA,12,357.5,175.0,2.0428571428571427
IND413501AAA,IND411033AAA,1,468.0,211.0,2.2180094786729856
IND413501AAA,IND413401AAA,14,48.5,35.0,1.3857142857142857
IND413517AAA,IND431603AAA,1,266.0,85.0,3.1294117647058823
IND413517AAA,IND431717AAA,2,120.5,41.5,2.9036144578313254
IND413531AAA,IND413517AAA,4,116.0,46.0,2.5217391304347827
IND413709AAA,IND423109AAA,10,54.5,27.0,2.0185185185185186
IND413709AAA,IND423701AAB,2,89.5,37.5,2.3866666666666667
IND414001AAA,IND411033AAA,1,258.0,104.0,2.480769230769231
IND414001AAA,IND414203AAB,1,78.0,43.0,1.813953488372093
IND414001AAA,IND414302AAB,1,53.0,34.0,1.5588235294117647
IND414203AAB,IND414302AAB,1,132.0,74.0,1.7837837837837838
IND414302AAB,IND411033AAA,2,200.0,83.5,2.395209580838323
IND414302AAB,IND412210AAC,1,33.0,19.0,1.736842105263158
IND414502AAA,IND431107AAB,7,41.0,25.0,1.64
IND415003AAA,IND411033AAA,2,158.5,117.5,1.348936170212766
IND415003AAA,IND412803AAB,7,55.0,43.0,1.2790697674418605
IND415124AAA,IND415605AAA,11,184.0,167.0,1.1017964071856288
IND415301AAB,IND413307AAB,2,65.0,37.0,1.7567567567567568
IND415408AAC,IND416012AAA,7,291.0,48.0,6.0625
IND415409AAB,IND415124AAA,9,40.0,23.0,1.7391304347826086
IND415605AAA,IND415709AAA,11,60.0,24.0,2.5
IND415612AAA,IND415408AAC,5,225.0,90.0,2.5
IND415709AAA,IND416012AAA,4,397.5,164.0,2.423780487804878
IND416012AAA,IND395023AAA,13,863.0,492.0,1.7540650406504066
IND416012AAA,IND415003AAA,8,183.5,96.0,1.9114583333333333
IND416012AAA,IND415409AAB,2,53.0,32.5,1.6307692307692307
IND416012AAA,IND415612AAA,7,276.0,97.0,2.845360824742268
IND416012AAA,IND591237AAB,8,76.0,31.5,2.4126984126984126
IND416404AAA,IND416012AAA,5,477.0,100.0,4.77
IND416510AAA,IND416602AAC,6,106.5,40.0,2.6625
IND416510AAA,IND416606AAA,8,96.0,46.5,2.064516129032258
IND416602AAC,IND411033AAA,7,655.0,292.0,2.243150684931507
IND416606AAA,IND416510AAA,4,1207.0,45.0,26.822222222222223
IND421301AAA,IND421302AAR,7,38.0,10.0,3.8
IND421302AAF,IND421302AAR,5,27.0,9.0,3.0
IND421302AAG,IND000000ACB,23,1936.0,968.0,2.0
IND421302AAG,IND000000AFT,33,50.0,20.0,2.5
IND421302AAG,IND110037AAM,14,2119.5,1008.0,2.1026785714285716
IND421302AAG,IND131028AAB,12,2003.0,1038.0,1.9296724470134874
IND421302AAG,IND382430AAB,14,740.5,358.0,2.0684357541899443
IND421302AAG,IND395023AAA,6,428.5,189.0,2.267195767195767
IND421302AAG,IND400015AAA,29,78.0,32.0,2.4375
IND421302AAG,IND400015AAB,16,71.5,32.0,2.234375
IND421302AAG,IND400072AAA,15,58.0,22.0,2.6363636363636362
IND421302AAG,IND400072AAB,66,51.5,22.0,2.340909090909091
IND421302AAG,IND400072AAJ,21,57.0,22.0,2.590909090909091
IND421302AAG,IND400102AAB,22,64.5,28.0,2.3035714285714284
IND421302AAG,IND400102AAC,39,79.0,28.0,2.8214285714285716
IND421302AAG,IND400701AAB,14,52.0,20.0,2.6
IND421302AAG,IND401104AAA,51,64.0,25.0,2.56
IND421302AAG,IND401104AAB,4,65.5,26.0,2.519230769230769
IND421302AAG,IND410401AAA,11,164.0,67.0,2.4477611940298507
IND421302AAG,IND411033AAA,72,211.0,97.0,2.1752577319587627
IND421302AAG,IND413002AAA,7,636.0,310.0,2.0516129032258066
IND421302AAG,IND421401AAC,6,78.5,31.0,2.532258064516129
IND421302AAG,IND422011AAD,14,169.0,97.5,1.7333333333333334
IND421302AAG,IND444005AAB,13,941.0,391.0,2.4066496163682864
IND421302AAG,IND462022AAA,9,1224.0,553.0,2.213381555153707
IND421302AAG,IND501359AAE,17,1110.0,557.0,1.992818671454219
IND421302AAG,IND562132AAA,21,1336.0,709.0,1.8843441466854725
IND421302AAG,IND712311AAA,4,2931.5,1383.5,2.1189013371882908
IND421302AAG,IND834002AAB,1,2622.0,1140.0,2.3
IND421302AAN,IND400072AAB,12,51.0,22.0,2.3181818181818183
IND421302AAR,IND400612AAA,10,28.0,12.0,2.3333333333333335
IND421302AAR,IND421004AAA,15,46.0,11.0,4.181818181818182
IND421302AAR,IND421301AAA,10,45.0,10.0,4.5
IND421302AAR,IND421302AAF,1,72.0,17.0,4.235294117647059
IND421401AAC,IND421601AAB,6,46.0,18.5,2.4864864864864864
IND421502AAA,IND421302AAR,9,50.0,16.0,3.125
IND421601AAB,IND421302AAG,9,145.0,31.0,4.67741935483871
IND421802AAA,IND411033AAA,7,127.0,75.0,1.6933333333333334
IND422011AAD,IND421302AAG,14,187.0,97.0,1.9278350515463918
IND422011AAD,IND422103AAC,8,51.0,36.5,1.3972602739726028
IND422011AAD,IND423109AAA,2,130.5,75.5,1.728476821192053
IND422103AAC,IND422605AAA,7,54.0,30.0,1.8
IND422605AAA,IND413709AAA,7,87.0,46.0,1.891304347826087
IND423105AAA,IND423106AAA,1,46.0,34.0,1.3529411764705883
IND423105AAA,IND423301AAB,5,56.0,34.0,1.6470588235294117
IND423106AAA,IND423105AAA,6,51.5,34.0,1.5147058823529411
IND423109AAA,IND423601AAA,10,21.5,9.0,2.388888888888889
IND423601AAA,IND413709AAA,2,65.0,42.5,1.5294117647058822
IND423601AAA,IND423701AAB,8,52.0,24.0,2.1666666666666665
IND423701AAB,IND422011AAD,12,191.5,83.0,2.3072289156626504
IND424006AAA,IND421302AAG,7,453.0,202.0,2.242574257425743
IND424006AAA,IND423105AAA,1,143.0,34.0,4.205882352941177
IND424006AAA,IND423106AAA,3,86.0,66.0,1.303030303030303
IND424006AAA,IND424101AAA,2,77.0,41.0,1.8780487804878048
IND424006AAA,IND424304AAC,4,83.5,41.0,2.0365853658536586
IND424006AAA,IND425401AAA,1,62.0,35.0,1.7714285714285714
IND424006AAA,IND425405AAA,2,82.0,43.5,1.8850574712643677
IND424006AAA,IND425412AAA,3,155.0,76.0,2.039473684210526
IND424006AAA,IND452001AAC,1,214.0,72.0,2.9722222222222223
IND424101AAA,IND431103AAA,1,39.0,24.0,1.625
IND424201AAA,IND424006AAA,1,707.0,67.0,10.552238805970148
IND424304AAC,IND424006AAA,2,926.0,41.5,22.313253012048193
IND424304AAC,IND425412AAA,4,72.5,38.5,1.8831168831168832
IND425109AAA,IND424201AAA,1,54.0,40.0,1.35
IND425201AAA,IND425508AAB,5,82.0,38.0,2.1578947368421053
IND425401AAA,IND425109AAA,1,48.0,31.0,1.5483870967741935
IND425405AAA,IND424006AAA,8,1024.5,47.0,21.79787234042553
IND425405AAA,IND425409AAA,1,118.0,51.0,2.3137254901960786
IND425406AAA,IND425405AAA,3,41.0,21.0,1.9523809523809523
IND425406AAA,IND425409AAA,1,81.0,35.0,2.3142857142857145
IND425406AAA,IND425412AAA,1,87.0,40.0,2.175
IND425409AAA,IND424006AAA,1,894.0,74.0,12.08108108108108
IND425409AAA,IND424304AAC,1,152.0,69.0,2.2028985507246377
IND425409AAA,IND425406AAA,6,80.0,36.0,2.2222222222222223
IND425409AAA,IND425412AAA,1,62.0,30.0,2.066666666666667
IND425412AAA,IND424304AAC,1,85.0,40.0,2.125
IND425412AAA,IND425406AAA,2,86.5,40.0,2.1625
IND425412AAA,IND425409AAA,7,69.0,30.0,2.3
IND425508AAB,IND450331AAA,10,54.5,18.0,3.0277777777777777
IND431001AAB,IND431136AAC,11,37.0,11.0,3.3636363636363638
IND431107AAB,IND431136AAC,6,93.5,50.0,1.87
IND431112AAB,IND431136AAC,5,165.0,56.0,2.9464285714285716
IND431122AAA,IND431127AAA,7,44.0,21.0,2.0952380952380953
IND431127AAA,IND414502AAA,7,118.0,56.0,2.107142857142857
IND431131AAB,IND431603AAA,1,903.0,111.0,8.135135135135135
IND431136AAC,IND411033AAA,13,330.0,172.0,1.9186046511627908
IND431136AAC,IND431001AAA,13,28.0,9.0,3.111111111111111
IND431136AAC,IND431112AAB,1,226.0,57.0,3.9649122807017543
IND431136AAC,IND431122AAA,9,218.0,98.0,2.2244897959183674
IND431136AAC,IND431203AAA,9,134.0,55.0,2.4363636363636365
IND431203AAA,IND431112AAB,5,92.0,48.0,1.9166666666666667
IND431203AAA,IND431136AAC,1,109.0,54.0,2.0185185185185186
IND431514AAA,IND431515AAA,15,43.0,21.0,2.0476190476190474
IND431515AAA,IND431517AAB,13,44.0,15.0,2.933333333333333
IND431517AAB,IND411033AAA,12,639.5,230.5,2.774403470715835
IND431603AAA,IND413517AAA,1,235.0,84.0,2.7976190476190474
IND431603AAA,IND413531AAA,4,268.0,95.0,2.8210526315789473
IND431603AAA,IND431401AAA,1,208.0,59.0,3.5254237288135593
IND431603AAA,IND431708AAA,14,46.5,23.0,2.0217391304347827
IND431708AAA,IND431514AAA,15,60.0,29.0,2.0689655172413794
IND431717AAA,IND431603AAA,2,420.5,52.5,8.00952380952381
IND441206AAB,IND442605AAA,5,123.0,45.0,2.7333333333333334
IND441614AAA,IND481001AAA,9,62.0,27.0,2.2962962962962963
IND441904AAB,IND441912AAA,12,50.0,29.0,1.7241379310344827
IND441912AAA,IND441107AAB,11,200.0,75.0,2.6666666666666665
IND442001AAA,IND442101AAB,4,50.5,13.5,3.740740740740741
IND442101AAB,IND445001AAB,11,84.0,37.0,2.27027027027027
IND442605AAA,IND441603AAA,3,46.0,23.0,2.0
IND443201AAA,IND000000AAZ,1,100.0,16.0,6.25
IND443301AAA,IND443201AAA,2,84.5,31.5,2.6825396825396823
IND444005AAB,IND000000AAZ,1,390.0,84.0,4.642857142857143
IND444005AAB,IND421302AAG,14,910.5,393.5,2.3138500635324015
IND444005AAB,IND443301AAA,5,188.0,81.0,2.3209876543209877
IND444203AAA,IND444005AAB,5,100.0,40.0,2.5
IND444303AAA,IND444203AAA,2,37.0,11.5,3.217391304347826
IND444602AAA,IND444005AAB,14,154.0,75.0,2.0533333333333332
IND450331AAA,IND452001AAC,7,157.0,68.0,2.3088235294117645
IND451666AAA,IND421302AAG,1,664.0,280.0,2.3714285714285714
IND451666AAA,IND424006AAA,7,214.0,79.0,2.7088607594936707
IND452001AAC,IND425201AAA,5,40.0,17.0,2.3529411764705883
IND454001AAA,IND457001AAA,13,103.0,89.0,1.1573033707865168
IND457001AAA,IND382430AAB,2,532.5,263.5,2.0208728652751424
IND457001AAA,IND457226AAA,11,41.0,40.0,1.025
IND457226AAA,IND382430AAB,11,538.0,294.0,1.8299319727891157
IND458001AAB,IND458990AAA,6,39.5,28.0,1.4107142857142858
IND458664AAA,IND312403AAA,3,118.0,45.0,2.6222222222222222
IND458990AAA,IND312605AAB,5,94.0,57.0,1.6491228070175439
IND460001AAA,IND480334AAA,14,144.0,66.0,2.1818181818181817
IND461111AAA,IND460001AAA,13,115.0,62.0,1.8548387096774193
IND462001AAA,IND462022AAA,16,47.5,13.0,3.6538461538461537
IND462011AAA,IND462022AAA,10,26.5,12.0,2.2083333333333335
IND462021AAA,IND462001AAA,1,74.0,11.0,6.7272727272727275
IND462022AAA,IND000000ACB,13,1109.0,584.0,1.898972602739726
IND462022AAA,IND209304AAA,14,821.0,394.5,2.0811153358681875
IND462022AAA,IND461001AAA,2,128.5,51.5,2.495145631067961
IND462022AAA,IND462001AAA,2,28.5,12.5,2.28
IND462022AAA,IND462011AAA,19,32.0,12.0,2.6666666666666665
IND462022AAA,IND462042AAA,1,91.0,21.0,4.333333333333333
IND462022AAA,IND465669AAB,10,144.5,68.0,2.125
IND462022AAA,IND466001AAA,8,122.5,43.0,2.8488372093023258
IND462022AAA,IND842003AAB,5,563.0,217.0,2.5944700460829493
IND462042AAA,IND462022AAA,5,111.0,20.0,5.55
IND464001AAA,IND464221AAA,1,105.0,68.0,1.5441176470588236
IND464221AAA,IND470004AAA,1,215.0,131.0,1.6412213740458015
IND464668AAA,IND462022AAA,2,214.5,84.0,2.5535714285714284
IND465001AAA,IND462022AAA,4,285.5,173.5,1.6455331412103746
IND465001AAA,IND465333A1B,2,81.0,81.0,1.0
IND465001AAA,IND465333AAA,3,94.0,69.0,1.3623188405797102
IND465333A1B,IND462022AAA,1,129.0,103.0,1.2524271844660195
IND465333A1B,IND465333AAA,1,46.0,72.0,0.6388888888888888
IND465333AAA,IND462022AAA,3,194.0,103.0,1.883495145631068
IND465669AAB,IND465683AAA,11,55.0,35.0,1.5714285714285714
IND465683AAA,IND465001AAA,13,100.0,68.0,1.4705882352941178
IND466001AAA,IND466116AAA,9,58.0,33.0,1.7575757575757576
IND466116AAA,IND462022AAA,9,181.0,74.0,2.445945945945946
IND470004AAA,IND462022AAA,1,268.0,126.0,2.126984126984127
IND470004AAA,IND470113AAA,1,135.0,58.0,2.3275862068965516
IND470113AAA,IND470117AAA,2,36.5,14.5,2.5172413793103448
IND470117AAA,IND470227AAB,3,170.0,95.0,1.7894736842105263
IND471001AAA,IND472001AAA,6,129.0,79.5,1.6226415094339623
IND472001AAA,IND474003AAA,2,500.5,206.0,2.429611650485437
IND472001AAA,IND485001AAC,14,430.5,186.0,2.314516129032258
IND473001AAA,IND473331AAA,8,67.0,39.0,1.7179487179487178
IND473226AAA,IND473001AAA,8,66.5,39.5,1.6835443037974684
IND473226AAA,IND474003AAA,7,494.0,294.0,1.6802721088435375
IND473331AAA,IND473226AAA,12,162.5,81.0,2.006172839506173
IND473443AAA,IND470113AAA,4,108.5,59.0,1.8389830508474576
IND474003AAA,IND000000ACB,14,421.0,261.5,1.6099426386233269
IND474003AAA,IND328001AAA,1,92.0,67.0,1.373134328358209
IND474003AAA,IND473551AAA,1,195.0,136.0,1.4338235294117647
IND474003AAA,IND475661AAB,1,178.0,63.0,2.8253968253968256
IND474003AAA,IND476001AAA,1,53.0,36.0,1.4722222222222223
IND474003AAA,IND476111AAA,6,166.5,63.0,2.642857142857143
IND476111AAA,IND477001AAA,4,99.0,51.0,1.9411764705882353
IND476111AAA,IND477001AAB,1,116.0,52.0,2.230769230769231
IND477001AAA,IND474003AAA,1,185.0,55.0,3.3636363636363638
IND477001AAB,IND474003AAA,7,208.0,55.0,3.7818181818181817
IND480001AAA,IND480661AAA,6,78.5,51.5,1.5242718446601942
IND480001AAA,IND481661AAA,2,254.0,155.5,1.6334405144694535
IND480334AAA,IND480106AAA,14,52.0,36.0,1.4444444444444444
IND480661AAA,IND480001AAA,2,95.0,52.0,1.8269230769230769
IND480661AAA,IND481661AAA,3,170.0,105.0,1.619047619047619
IND480886AAA,IND480001AAA,5,155.0,99.0,1.5656565656565657
IND480886AAA,IND480661AAA,2,72.0,47.0,1.5319148936170213
IND481661AAA,IND842003AAB,5,232.0,73.0,3.1780821917808217
IND482002AAA,IND842003AAB,2,109.0,8.5,12.823529411764707
IND483225AAA,IND483501AAA,2,71.5,34.0,2.1029411764705883
IND483501AAA,IND483770AAA,1,85.0,46.0,1.8478260869565217
IND483770AAA,IND842003AAB,2,260.0,104.5,2.488038277511962
IND484001AAA,IND484224AAA,2,39.0,43.5,0.896551724137931
IND484001AAA,IND484446AAA,3,158.0,78.0,2.0256410256410255
IND484446AAA,IND842003AAB,2,476.5,234.5,2.0319829424307034
IND484551AAA,IND484001AAA,1,53.0,26.0,2.0384615384615383
IND484661AAE,IND484001AAA,2,115.5,45.5,2.5384615384615383
IND484661AAE,IND484551AAA,1,70.0,21.0,3.3333333333333335
IND485001AAC,IND471001AAA,7,221.0,104.0,2.125
IND485001AAC,IND485771AAA,3,101.0,33.0,3.0606060606060606
IND485001AAC,IND486001AAA,2,489.5,34.5,14.18840579710145
IND485001AAC,IND486771AAA,5,589.0,90.0,6.544444444444444
IND485001AAC,IND488001AAA,2,117.0,56.0,2.0892857142857144
IND485771AAA,IND486001AAA,1,96.0,45.0,2.1333333333333333
IND485771AAA,IND486771AAA,1,481.0,91.0,5.285714285714286
IND486001AAA,IND486771AAA,2,138.5,52.0,2.6634615384615383
IND486661AAA,IND211002AAB,5,843.0,161.0,5.236024844720497
IND486771AAA,IND486661AAA,6,37.0,20.5,1.8048780487804879
IND486886AAA,IND486889AAA,7,48.0,20.0,2.4
IND486889AAA,IND231205AAA,4,143.0,70.0,2.0428571428571427
IND486889AAA,IND231216AAA,3,236.0,91.0,2.5934065934065935
IND487001AAA,IND487551AAA,3,64.0,46.0,1.391304347826087
IND487001AAB,IND487551AAA,2,75.5,44.5,1.696629213483146
IND487551AAA,IND464668AAA,4,165.0,67.5,2.4444444444444446
IND488001AAA,IND471001AAA,3,103.0,47.0,2.1914893617021276
IND492001AAB,IND492007AAA,6,29.0,10.0,2.9
IND493118AAC,IND495334AAB,8,79.0,49.5,1.595959595959596
IND494334AAB,IND493445AAB,9,224.0,131.0,1.7099236641221374
IND495004AAA,IND495671AAA,1,110.0,43.0,2.558139534883721
IND495334AAB,IND491995AAB,8,72.5,50.0,1.45
IND495677AAA,IND496001AAA,5,242.0,111.0,2.18018018018018
IND500008AAC,IND500084AAB,1,52.0,19.0,2.736842105263158
IND500008AAC,IND501359AAE,9,118.0,22.0,5.363636363636363
IND500008AAD,IND501359AAE,5,64.0,22.0,2.909090909090909
IND500008AAF,IND500039AAC,13,54.0,17.0,3.176470588235294
IND500010AAA,IND500055AAA,1,31.0,17.0,1.8235294117647058
IND500010AAA,IND501359AAE,6,88.5,36.0,2.4583333333333335
IND500010AAB,IND501359AAE,23,129.0,36.0,3.5833333333333335
IND500018AAA,IND500080AAB,4,51.5,16.0,3.21875
IND500032AAA,IND502295AAA,4,41.5,21.0,1.9761904761904763
IND500035AAA,IND500039AAC,1,33.0,12.0,2.75
IND500039AAB,IND501301AAC,1,24.0,10.0,2.4
IND500039AAC,IND500035AAA,2,38.5,11.5,3.347826086956522
IND500039AAC,IND500035AAD,5,44.0,13.0,3.3846153846153846
IND500039AAC,IND501359AAE,9,212.0,27.0,7.851851851851852
IND500039AAC,IND508116AAA,8,55.0,29.0,1.896551724137931
IND500039AAD,IND501359AAE,8,84.0,31.0,2.7096774193548385
IND500050AAA,IND501218AAC,3,160.0,28.0,5.714285714285714
IND500050AAA,IND501359AAE,18,71.0,32.0,2.21875
IND500055AAA,IND500010AAA,1,44.0,15.0,2.933333333333333
IND500055AAA,IND501401AAC,1,35.0,17.0,2.0588235294117645
IND500055AAC,IND501401AAC,9,23.0,11.0,2.090909090909091
IND500080AAB,IND501359AAE,16,65.5,21.5,3.046511627906977
IND501101AAB,IND501359AAE,1,108.0,56.0,1.9285714285714286
IND501101AAB,IND509216AAC,4,77.5,53.0,1.4622641509433962
IND501141AAA,IND501101AAB,4,68.0,41.5,1.6385542168674698
IND501301AAC,IND500039AAC,1,28.0,13.0,2.1538461538461537
IND501359AAE,IND000000ACB,1,2559.0,1191.0,2.1486146095717884
IND501359AAE,IND411033AAA,13,916.0,448.0,2.044642857142857
IND501359AAE,IND413002AAA,11,485.0,250.0,1.94
IND501359AAE,IND462022AAA,10,1317.5,614.0,2.1457654723127035
IND501359AAE,IND500008AAC,14,39.0,21.0,1.8571428571428572
IND501359AAE,IND500010AAA,10,80.0,39.0,2.051282051282051
IND501359AAE,IND500010AAB,22,112.5,40.0,2.8125
IND501359AAE,IND500039AAC,6,58.0,29.0,2.0
IND501359AAE,IND500039AAD,6,75.5,30.0,2.5166666666666666
IND501359AAE,IND500050AAA,14,54.5,30.5,1.7868852459016393
IND501359AAE,IND500080AAB,17,46.0,24.0,1.9166666666666667
IND501359AAE,IND501141AAA,7,152.0,94.0,1.6170212765957446
IND501359AAE,IND501218AAC,1,122.0,18.0,6.777777777777778
IND501359AAE,IND503111AAC,2,183.0,105.5,1.7345971563981042
IND501359AAE,IND505001AAB,2,233.0,168.5,1.3827893175074184
IND501359AAE,IND506002AAA,10,215.5,122.5,1.7591836734693878
IND501359AAE,IND508252AAB,7,94.0,46.0,2.0434782608695654
IND501359AAE,IND509001AAA,13,84.0,56.0,1.5
IND501359AAE,IND509358AAA,12,42.0,27.0,1.5555555555555556
IND501359AAE,IND515004AAA,9,434.0,243.0,1.786008230452675
IND501359AAE,IND518002AAA,12,245.5,139.0,1.7661870503597121
IND501359AAE,IND523002AAA,12,465.0,273.0,1.7032967032967032
IND501359AAE,IND533106AAA,12,663.5,299.0,2.219063545150502
IND501359AAE,IND562132AAA,4,716.5,425.0,1.6858823529411764
IND501359AAE,IND585104AAA,14,280.5,168.0,1.6696428571428572
IND501359AAE,IND712311AAA,2,2093.0,1057.5,1.9791962174940898
IND501359AAE,IND751002AAB,8,1487.5,735.0,2.0238095238095237
IND501359AAG,IND000000ACN,6,55.0,20.0,2.75
IND501401AAC,IND500010AAA,10,100.0,14.0,7.142857142857143
IND502110AAA,IND502313AAA,14,48.5,36.0,1.3472222222222223
IND502220AAC,IND501359AAE,15,169.0,130.0,1.3
IND502286AAB,IND502220AAC,15,105.0,49.0,2.142857142857143
IND502295AAA,IND500050AAA,2,50.0,25.0,2.0
IND502313AAA,IND503111AAC,5,108.0,62.0,1.7419354838709677
IND503111AAC,IND501359AAE,13,230.0,103.0,2.233009708737864
IND503111AAC,IND503185AAA,15,107.0,61.0,1.7540983606557377
IND503111AAC,IND505001AAB,1,125.0,89.0,1.404494382022472
IND503122AAA,IND502110AAA,14,58.0,37.0,1.5675675675675675
IND503185AAA,IND503187AAA,14,43.0,28.0,1.5357142857142858
IND503187AAA,IND503122AAA,15,40.0,26.0,1.5384615384615385
IND504201AAA,IND505184AAC,4,83.5,75.0,1.1133333333333333
IND504208AAB,IND504251AAA,1,34.0,19.0,1.7894736842105263
IND504208AAB,IND505001AAB,5,135.0,61.0,2.2131147540983607
IND504215AAA,IND505001AAB,10,119.0,59.0,2.016949152542373
IND504215AAA,IND505326AAB,1,157.0,58.0,2.706896551724138
IND504251AAA,IND504293AAA,2,84.0,36.5,2.3013698630136985
IND504251AAA,IND504296AAA,3,51.0,43.0,1.186046511627907
IND504293AAA,IND504208AAB,1,86.0,55.0,1.5636363636363637
IND504293AAA,IND505001AAB,3,267.0,118.0,2.26271186440678
IND504296AAA,IND504208AAB,1,76.0,61.0,1.2459016393442623
IND504296AAA,IND504293AAA,2,33.0,30.0,1.1
IND505001AAA,IND505302AAB,5,47.0,34.0,1.3823529411764706
IND505001AAB,IND501359AAE,1,340.0,166.0,2.0481927710843375
IND505001AAB,IND503111AAC,2,125.5,90.5,1.3867403314917126
IND505001AAB,IND504208AAB,5,89.0,61.0,1.459016393442623
IND505001AAB,IND505172AAA,1,41.0,24.0,1.7083333333333333
IND505001AAB,IND505184AAC,1,102.0,62.0,1.6451612903225807
IND505001AAB,IND505209AAA,3,166.0,46.0,3.608695652173913
IND505001AAB,IND505302AAB,2,51.5,33.5,1.537313432835821
IND505122AAA,IND506002AAA,9,102.0,40.0,2.55
IND505184AAC,IND505001AAB,6,110.0,62.0,1.7741935483870968
IND505184AAC,IND505209AAA,2,41.0,45.5,0.9010989010989011
IND505209AAA,IND504201AAA,4,41.5,29.0,1.4310344827586208
IND505209AAA,IND505001AAB,2,149.0,46.0,3.239130434782609
IND505302AAB,IND505325AAA,5,70.0,62.0,1.1290322580645162
IND505302AAB,IND505327AAA,1,84.0,42.0,2.0
IND505325AAA,IND505327AAA,2,32.0,22.5,1.4222222222222223
IND505326AAA,IND505425AAA,1,99.0,35.0,2.8285714285714287
IND505326AAB,IND505001AAB,1,259.0,59.0,4.389830508474576
IND505327AAA,IND505425AAA,7,26.0,19.0,1.368421052631579
IND505467AAA,IND505122AAA,7,75.0,46.0,1.6304347826086956
IND505503AAA,IND506164AAA,1,89.0,39.0,2.282051282051282
IND506001AAC,IND505122AAA,1,59.0,34.0,1.7352941176470589
IND506001AAC,IND505467AAA,8,57.5,35.0,1.6428571428571428
IND506002AAA,IND506132AAA,13,46.0,37.0,1.2432432432432432
IND506002AAA,IND506143AAA,10,42.0,21.5,1.9534883720930232
IND506002AAA,IND506343AAA,2,56.5,35.5,1.591549295774648
IND506132AAA,IND122001AAJ,12,63.5,34.0,1.8676470588235294
IND506143AAA,IND506167AAB,9,31.0,18.0,1.7222222222222223
IND506167AAB,IND501359AAE,9,164.0,78.0,2.1025641025641026
IND506169AAB,IND505503AAA,1,34.0,16.0,2.125
IND506314AAA,IND506002AAA,9,92.0,24.0,3.8333333333333335
IND506343AAA,IND506169AAB,2,56.0,41.5,1.3493975903614457
IND507002AAA,IND507117AAB,1,162.0,111.0,1.4594594594594594
IND507002AAA,IND507159AAA,1,34.0,18.0,1.8888888888888888
IND507002AAA,IND507167AAA,4,69.5,24.5,2.836734693877551
IND507002AAA,IND508001AAA,1,205.0,83.0,2.4698795180722892
IND507002AAA,IND508206AAA,11,64.0,30.0,2.1333333333333333
IND507002AAA,IND508213AAB,14,80.0,45.0,1.7777777777777777
IND507111AAA,IND507117AAB,13,52.0,31.0,1.6774193548387097
IND507117AAB,IND507303AAA,12,192.0,93.0,2.064516129032258
IND507123AAA,IND506314AAA,8,146.5,109.0,1.3440366972477065
IND507159AAA,IND507002AAA,9,93.0,18.0,5.166666666666667
IND507159AAA,IND508206AAA,1,52.0,39.0,1.3333333333333333
IND507303AAA,IND507002AAA,11,132.0,55.0,2.4
IND508001AAA,IND501359AAE,14,153.5,87.0,1.764367816091954
IND508116AAA,IND508223AAA,1,90.0,59.0,1.5254237288135593
IND508116AAA,IND508277AAB,9,48.0,45.0,1.0666666666666667
IND508206AAA,IND507002AAA,2,54.5,28.0,1.9464285714285714
IND508206AAA,IND507159AAA,10,50.0,37.0,1.3513513513513513
IND508207AAB,IND521225AAB,10,249.5,117.0,2.1324786324786325
IND508213AAB,IND508001AAA,14,71.0,37.0,1.9189189189189189
IND508223AAA,IND500039AAC,11,158.0,89.0,1.7752808988764044
IND508248AAB,IND508377AAB,11,60.0,34.0,1.7647058823529411
IND508252AAB,IND508207AAB,6,112.0,82.0,1.3658536585365855
IND508277AAB,IND508223AAA,7,34.0,25.0,1.36
IND508377AAB,IND501359AAE,10,217.5,115.0,1.891304347826087
IND509001AAA,IND509203AAA,14,51.5,34.0,1.5147058823529411
IND509103AAB,IND509103AAC,1,33.0,17.0,1.9411764705882353
IND509103AAB,IND518002AAA,3,133.0,58.0,2.293103448275862
IND509103AAC,IND518002AAA,5,123.0,59.0,2.0847457627118646
IND509124AAA,IND509103AAB,8,81.0,39.5,2.050632911392405
IND509124AAA,IND518002AAA,1,190.0,45.0,4.222222222222222
IND509124AAA,IND584101AAA,2,84.0,56.0,1.5
IND509203AAA,IND509301AAA,14,38.5,26.0,1.4807692307692308
IND509216AAC,IND501359AAE,6,42.0,25.5,1.6470588235294117
IND509301AAA,IND501359AAE,13,90.0,49.0,1.836734693877551
IND509324AAA,IND508248AAB,7,75.0,34.0,2.2058823529411766
IND509358AAA,IND508248AAB,5,127.0,59.0,2.152542372881356
IND509358AAA,IND509324AAA,7,46.0,28.0,1.6428571428571428
IND515004AAA,IND501359AAE,13,419.0,244.0,1.7172131147540983
IND515004AAA,IND515401AAB,13,71.0,40.0,1.775
IND515004AAA,IND515671AAA,7,78.0,32.0,2.4375
IND515004AAA,IND562132AAA,8,314.0,184.0,1.7065217391304348
IND515134AAA,IND515201AAA,12,96.5,59.0,1.6355932203389831
IND515134AAA,IND515591AAA,6,75.0,48.0,1.5625
IND515201AAA,IND515134AAA,3,98.0,61.0,1.6065573770491803
IND515201AAA,IND515301AAA,11,59.0,22.0,2.6818181818181817
IND515301AAA,IND561202AAB,12,29.5,17.0,1.7352941176470589
IND515401AAB,IND515801AAA,14,51.5,22.0,2.340909090909091
IND515591AAA,IND516269AAA,8,106.0,65.0,1.6307692307692307
IND515671AAA,IND515134AAA,7,51.0,36.0,1.4166666666666667
IND515671AAA,IND515591AAA,1,156.0,60.0,2.6
IND515761AAA,IND515004AAA,14,93.5,53.0,1.7641509433962264
IND515801AAA,IND515761AAA,1,200.0,96.0,2.0833333333333335
IND515801AAA,IND515865AAB,13,138.0,87.0,1.5862068965517242
IND515865AAB,IND515761AAA,13,55.0,33.0,1.6666666666666667
IND516101AAA,IND516115AAA,12,64.0,26.0,2.4615384615384617
IND516115AAA,IND517501AAB,11,150.0,67.0,2.2388059701492535
IND516269AAA,IND516390AAA,9,121.0,76.0,1.5921052631578947
IND516390AAA,IND515004AAA,9,169.0,85.0,1.988235294117647
IND517325AAA,IND517408AAA,1,69.0,32.0,2.15625
IND517501AAB,IND517583AAA,13,56.0,26.0,2.1538461538461537
IND517501AAB,IND517644AAA,12,77.0,32.0,2.40625
IND517583AAA,IND516101AAA,13,103.0,48.0,2.1458333333333335
IND517644AAA,IND524132AAA,11,74.0,35.0,2.1142857142857143
IND518002AAA,IND501359AAE,12,265.0,143.5,1.8466898954703832
IND518002AAA,IND509103AAB,2,413.0,86.0,4.8023255813953485
IND518002AAA,IND509124AAA,3,72.0,47.0,1.5319148936170213
IND518002AAA,IND518401AAA,7,60.0,31.0,1.935483870967742
IND518002AAA,IND518501AAA,14,86.5,57.0,1.5175438596491229
IND518002AAA,IND562132AAA,10,433.0,285.0,1.5192982456140351
IND518002AAA,IND584101AAA,10,169.5,93.0,1.8225806451612903
IND518102AAA,IND518002AAA,10,258.0,132.0,1.9545454545454546
IND518124AAA,IND518002AAA,1,105.0,71.0,1.4788732394366197
IND518124AAA,IND518206AAA,6,33.0,21.0,1.5714285714285714
IND518206AAA,IND518222AAA,3,57.0,45.0,1.2666666666666666
IND518222AAA,IND518002AAA,4,59.0,41.5,1.4216867469879517
IND518401AAA,IND518422AAB,6,62.0,25.5,2.4313725490196076
IND518422AAB,IND518102AAA,10,154.5,77.0,2.0064935064935066
IND518501AAA,IND518124AAA,11,76.0,28.0,2.7142857142857144
IND520011AAA,IND521185AAA,5,93.0,33.0,2.8181818181818183
IND521001AAA,IND521165AAA,1,47.0,26.0,1.8076923076923077
IND521001AAA,IND521225AAB,4,121.0,55.5,2.18018018018018
IND521105AAA,IND521333AAA,4,107.5,44.0,2.4431818181818183
IND521105AAA,IND534001AAA,3,32.0,17.0,1.8823529411764706
IND521165AAA,IND521225AAB,1,279.0,30.0,9.3
IND521185AAA,IND520011AAA,1,50.0,29.0,1.7241379310344827
IND521185AAA,IND521225AAB,4,106.0,44.0,2.409090909090909
IND521201AAA,IND521105AAA,2,39.5,22.0,1.7954545454545454
IND521225AAB,IND501359AAE,6,446.0,255.0,1.7490196078431373
IND521225AAB,IND507002AAA,14,208.0,115.0,1.808695652173913
IND521225AAB,IND521001AAA,1,150.0,53.0,2.830188679245283
IND521225AAB,IND521165AAA,1,219.0,29.0,7.551724137931035
IND521225AAB,IND521185AAA,1,90.0,44.0,2.0454545454545454
IND521225AAB,IND521201AAA,15,85.0,53.0,1.6037735849056605
IND521225AAB,IND521301AAA,13,84.0,45.0,1.8666666666666667
IND521301AAA,IND521001AAA,13,48.0,25.0,1.92
IND521333AAA,IND521225AAB,12,175.5,68.0,2.5808823529411766
IND522647AAA,IND523201AAA,13,79.0,50.0,1.58
IND523002AAA,IND523105AAA,1,201.0,42.0,4.785714285714286
IND523002AAA,IND523226AAA,4,33.5,19.0,1.763157894736842
IND523002AAA,IND523230AAA,14,115.0,69.5,1.6546762589928057
IND523002AAA,IND523316AAB,1,178.0,80.0,2.225
IND523002AAA,IND600056AAB,11,438.0,253.0,1.7312252964426877
IND523105AAA,IND524201AAA,12,53.0,42.5,1.2470588235294118
IND523201AAA,IND523002AAA,1,234.0,32.0,7.3125
IND523226AAA,IND523316AAB,6,114.0,60.0,1.9
IND523230AAA,IND523105AAA,12,64.5,45.0,1.4333333333333333
IND523316AAB,IND522647AAA,7,91.0,55.0,1.6545454545454545
IND524003AAA,IND501359AAE,14,611.5,361.5,1.6915629322268326
IND524101AAB,IND517501AAB,13,162.0,75.0,2.16
IND524132AAA,IND524101AAB,11,58.0,36.0,1.6111111111111112
IND524201AAA,IND523002AAA,12,77.0,67.5,1.1407407407407408
IND530012AAA,IND501359AAE,10,877.0,433.0,2.02540415704388
IND530012AAA,IND530043AAA,10,54.5,18.0,3.0277777777777777
IND530012AAA,IND531001AAA,1,46.0,22.0,2.090909090909091
IND530012AAA,IND531162AAA,6,28.0,16.0,1.75
IND530012AAA,IND532001AAB,15,142.0,82.0,1.7317073170731707
IND530012AAA,IND533106AAA,2,226.0,133.0,1.699248120300752
IND530012AAA,IND535001AAA,1,175.0,54.0,3.240740740740741
IND530012AAA,IND751002AAB,3,504.0,318.0,1.5849056603773586
IND530012AAA,IND764001AAC,3,472.0,167.0,2.8263473053892216
IND530012AAA,IND764020AAC,1,648.0,152.0,4.2631578947368425
IND530012AAC,IND501359AAE,1,979.0,435.0,2.250574712643678
IND530012AAC,IND533106AAA,4,243.0,133.5,1.8202247191011236
IND530018AAA,IND531162AAA,1,35.0,8.0,4.375
IND530026AAA,IND531036AAA,4,90.5,32.0,2.828125
IND530043AAA,IND530012AAA,1,125.0,21.0,5.9523809523809526
IND530043AAA,IND531163AAA,9,38.0,23.0,1.6521739130434783
IND531001AAA,IND530012AAA,1,190.0,22.0,8.636363636363637
IND531001AAA,IND531116AAA,1,59.0,36.0,1.6388888888888888
IND531036AAA,IND530012AAA,4,88.5,37.0,2.391891891891892
IND531116AAA,IND531001AAA,1,66.0,43.0,1.5348837209302326
IND531163AAA,IND535001AAA,9,48.0,21.0,2.2857142857142856
IND532001AAB,IND530012AAA,15,178.0,84.0,2.119047619047619
IND532001AAB,IND532127AAA,14,56.5,30.0,1.8833333333333333
IND532001AAB,IND532201AAA,1,105.0,41.0,2.5609756097560976
IND532001AAB,IND532421AAA,13,56.0,19.0,2.9473684210526314
IND532127AAA,IND535591AAA,14,70.5,43.0,1.6395348837209303
IND532201AAA,IND532222AAA,14,42.5,24.5,1.7346938775510203
IND532222AAA,IND532001AAB,1,199.0,89.0,2.235955056179775
IND532222AAA,IND761200AAA,7,132.0,79.0,1.6708860759493671
IND532421AAA,IND532201AAA,13,42.0,20.0,2.1
IND532440AAA,IND532001AAB,11,57.0,37.0,1.5405405405405406
IND533003AAA,IND533106AAA,2,119.0,49.5,2.404040404040404
IND533003AAA,IND533401AAA,12,94.5,48.0,1.96875
IND533106AAA,IND501359AAE,8,653.0,298.0,2.1912751677852347
IND533106AAA,IND530012AAA,11,235.0,134.0,1.7537313432835822
IND533106AAA,IND533003AAA,2,220.5,56.0,3.9375
IND533106AAA,IND533201AAA,1,235.0,87.0,2.7011494252873565
IND533106AAA,IND533242AAA,3,211.0,76.0,2.776315789473684
IND533106AAA,IND533262AAA,3,101.0,47.0,2.148936170212766
IND533106AAA,IND533308AAB,7,98.0,29.0,3.3793103448275863
IND533106AAA,IND534260AAC,3,206.0,59.0,3.4915254237288136
IND533201AAA,IND533242AAA,2,34.5,14.5,2.3793103448275863
IND533201AAA,IND533262AAA,6,75.5,39.0,1.935897435897436
IND533242AAA,IND533201AAA,2,32.5,14.5,2.2413793103448274
IND533262AAA,IND533106AAA,5,85.0,47.0,1.8085106382978724
IND533262AAA,IND533201AAA,2,78.5,39.5,1.9873417721518987
IND533308AAB,IND533003AAA,8,64.0,41.5,1.5421686746987953
IND533308AAB,IND533106AAA,1,53.0,27.0,1.962962962962963
IND533401AAA,IND533106AAA,11,160.0,69.0,2.318840579710145
IND533401AAA,IND533308AAB,1,224.0,83.0,2.6987951807228914
IND534001AAA,IND521333AAA,10,46.5,26.0,1.7884615384615385
IND534260AAC,IND533106AAA,2,140.5,57.5,2.4434782608695653
IND535001AAA,IND530012AAA,6,177.0,57.5,3.0782608695652174
IND535501AAB,IND532001AAB,1,158.0,81.0,1.9506172839506173
IND535501AAB,IND532440AAA,11,63.0,42.0,1.5
IND535558AAA,IND535501AAB,13,36.0,23.0,1.565217391304348
IND535591AAA,IND535558AAA,3,33.0,16.0,2.0625
IND560002AAA,IND560099AAB,14,59.0,22.0,2.6818181818181817
IND560002AAA,IND562132AAA,15,76.0,34.0,2.235294117647059
IND560027AAA,IND560099AAA,2,53.5,21.5,2.488372093023256
IND560043AAC,IND560064AAA,27,29.0,18.0,1.6111111111111112
IND560043AAC,IND560099AAB,17,66.0,34.0,1.9411764705882353
IND560043AAC,IND562132AAA,12,82.0,40.5,2.0246913580246915
IND560048AAB,IND560099AAB,19,55.0,33.0,1.6666666666666667
IND560048AAB,IND562132AAA,11,89.0,46.0,1.934782608695652
IND560058AAB,IND560060AAB,32,22.5,17.0,1.3235294117647058
IND560058AAB,IND560099AAB,15,68.0,37.0,1.837837837837838
IND560058AAB,IND562132AAA,9,32.0,20.0,1.6
IND560058AAD,IND562132AAA,27,40.0,23.0,1.7391304347826086
IND560060AAB,IND560099AAB,9,44.0,33.0,1.3333333333333333
IND560060AAB,IND562132AAA,16,50.0,30.0,1.6666666666666667
IND560064AAD,IND560043AAC,28,38.5,15.0,2.566666666666667
IND560067AAC,IND562114AAA,17,27.0,10.0,2.7
IND560077AAA,IND560099AAB,1,152.0,44.0,3.4545454545454546
IND560078AAC,IND560099AAB,14,82.5,24.5,3.36734693877551
IND560078AAC,IND562132AAA,14,63.5,42.0,1.5119047619047619
IND560083AAB,IND560058AAD,1,49.0,31.0,1.5806451612903225
IND560083AAB,IND562132AAA,24,74.0,44.0,1.6818181818181819
IND560085AAA,IND562132AAA,4,66.0,36.5,1.8082191780821917
IND560099AAB,IND000000ACS,1,33.0,21.0,1.5714285714285714
IND560099AAB,IND560002AAA,18,42.5,22.0,1.9318181818181819
IND560099AAB,IND560043AAC,24,49.0,30.0,1.6333333333333333
IND560099AAB,IND560048AAB,25,48.0,31.0,1.5483870967741935
IND560099AAB,IND560058AAB,29,63.0,38.0,1.6578947368421053
IND560099AAB,IND560060AAB,21,44.0,33.0,1.3333333333333333
IND560099AAB,IND560078AAC,21,40.0,22.0,1.8181818181818181
IND560099AAB,IND560083AAB,1,37.0,18.0,2.0555555555555554
IND560099AAB,IND560085AAA,12,54.0,22.0,2.4545454545454546
IND560099AAB,IND560300AAA,81,110.0,58.0,1.896551724137931
IND560099AAB,IND562132AAA,83,86.0,57.0,1.5087719298245614
IND560099AAB,IND632006AAA,8,233.0,168.0,1.3869047619047619
IND560099AAB,IND635001AAA,4,150.5,68.5,2.197080291970803
IND560099AAB,IND683511AAA,14,710.0,432.0,1.6435185185185186
IND560099AAB,IND683511AAB,1,709.0,432.0,1.6412037037037037
IND560099AAG,IND560099AAB,1,10.0,8.0,1.25
IND560300AAA,IND000000ACS,1,107.0,44.0,2.4318181818181817
IND560300AAA,IND560002AAA,13,35.0,33.0,1.0606060606060606
IND560300AAA,IND560043AAC,22,38.5,31.5,1.2222222222222223
IND560300AAA,IND560048AAB,2,45.5,41.5,1.0963855421686748
IND560300AAA,IND560058AAB,26,46.0,35.0,1.3142857142857143
IND560300AAA,IND560078AAC,9,112.0,41.0,2.731707317073171
IND560300AAA,IND560085AAA,12,56.0,38.0,1.4736842105263157
IND560300AAA,IND560099AAB,61,136.0,57.0,2.3859649122807016
IND560300AAA,IND562132AAA,73,91.0,51.0,1.7843137254901962
IND560300AAA,IND563101AAB,5,110.0,55.0,2.0
IND560300AAA,IND563130AAA,2,83.5,47.5,1.7578947368421052
IND560300AAA,IND563131AAB,1,122.0,80.0,1.525
IND560300AAB,IND563101AAB,9,100.0,58.0,1.7241379310344827
IND560300AAB,IND563116AAA,1,168.0,91.0,1.8461538461538463
IND560300AAB,IND563130AAA,6,86.0,46.0,1.8695652173913044
IND561202AAB,IND515134AAA,11,118.0,65.0,1.8153846153846154
IND561203AAB,IND562101AAA,9,38.0,26.0,1.4615384615384615
IND561207AAB,IND562108AAA,9,60.0,46.0,1.3043478260869565
IND562101AAA,IND561207AAB,8,44.0,39.0,1.1282051282051282
IND562108AAA,IND572101AAA,1,181.0,58.0,3.1206896551724137
IND562114AAA,IND560048AAB,8,49.0,14.0,3.5
IND562114AAA,IND560067AAC,7,33.0,10.0,3.3
IND562117AAA,IND562132AAA,10,104.5,90.0,1.1611111111111112
IND562125AAA,IND000000ACS,1,171.0,24.0,7.125
IND562132AAA,IND000000ACB,35,2790.0,1530.0,1.8235294117647058
IND562132AAA,IND000000ACS,6,55.5,30.5,1.819672131147541
IND562132AAA,IND302014AAA,7,2655.0,1366.0,1.9436310395314789
IND562132AAA,IND395023AAA,1,1687.0,865.0,1.9502890173410405
IND562132AAA,IND411033AAA,8,1060.5,630.0,1.6833333333333333
IND562132AAA,IND416012AAA,12,708.0,437.5,1.6182857142857143
IND562132AAA,IND421302AAG,7,1242.0,727.0,1.7083906464924348
IND562132AAA,IND462022AAA,7,2067.0,1031.0,2.0048496605237633
IND562132AAA,IND501359AAE,2,767.5,426.0,1.801643192488263
IND562132AAA,IND515004AAA,9,280.0,183.0,1.530054644808743
IND562132AAA,IND518002AAA,12,453.0,286.0,1.583916083916084
IND562132AAA,IND560002AAA,21,66.0,27.0,2.4444444444444446
IND562132AAA,IND560043AAC,15,63.0,34.0,1.8529411764705883
IND562132AAA,IND560048AAB,11,77.0,40.0,1.925
IND562132AAA,IND560058AAB,13,29.0,17.0,1.7058823529411764
IND562132AAA,IND560058AAD,42,37.0,20.0,1.85
IND562132AAA,IND560060AAB,16,40.5,28.0,1.4464285714285714
IND562132AAA,IND560066AAB,2,101.0,43.0,2.3488372093023258
IND562132AAA,IND560078AAC,21,68.0,31.0,2.193548387096774
IND562132AAA,IND560083AAB,39,62.0,39.0,1.5897435897435896
IND562132AAA,IND560085AAA,11,54.0,31.0,1.7419354838709677
IND562132AAA,IND560099AAB,100,84.0,51.0,1.6470588235294117
IND562132AAA,IND560300AAA,100,87.0,48.0,1.8125
IND562132AAA,IND570020AAA,9,204.0,152.0,1.3421052631578947
IND562132AAA,IND572101AAA,3,68.0,57.0,1.1929824561403508
IND562132AAA,IND573201AAB,16,197.5,132.5,1.490566037735849
IND562132AAA,IND577002AAA,1,300.0,190.0,1.5789473684210527
IND562132AAA,IND577501AAA,1,255.0,151.0,1.6887417218543046
IND562132AAA,IND577598AAC,10,194.0,117.5,1.651063829787234
IND562132AAA,IND580028AAA,1,608.0,287.0,2.1184668989547037
IND562132AAA,IND583101AAA,10,323.0,219.5,1.4715261958997723
IND562132AAA,IND600056AAB,9,484.0,242.0,2.0
IND562132AAA,IND683511AAA,2,977.5,434.0,2.2523041474654377
IND562132AAA,IND712311AAA,3,3044.0,1370.0,2.221897810218978
IND562132AAA,IND751002AAB,12,2212.0,1047.0,2.1127029608404966
IND562159AAA,IND562117AAA,11,52.0,27.0,1.9259259259259258
IND563101AAB,IND563125AAB,1,54.0,36.0,1.5
IND563101AAB,IND563131AAA,11,37.0,24.0,1.5416666666666667
IND563116AAA,IND563131AAB,10,32.5,18.0,1.8055555555555556
IND563125AAB,IND560300AAA,3,204.0,53.0,3.849056603773585
IND563125AAB,IND560300AAB,9,206.0,48.0,4.291666666666667
IND563130AAA,IND563131AAB,8,46.5,33.0,1.4090909090909092
IND563131AAA,IND563125AAB,11,79.0,43.0,1.8372093023255813
IND563131AAB,IND560300AAA,3,125.0,79.0,1.5822784810126582
IND563131AAB,IND560300AAB,2,146.5,78.0,1.8782051282051282
IND563131AAB,IND563116AAA,12,34.0,18.0,1.8888888888888888
IND570020AAA,IND571301AAA,7,60.0,22.0,2.727272727272727
IND570020AAA,IND571430AAA,1,173.0,50.0,3.46
IND570020AAA,IND571602AAA,9,83.0,34.0,2.4411764705882355
IND571104AAA,IND577598AAB,11,37.0,20.0,1.85
IND571105AAA,IND571213AAA,8,68.0,39.0,1.7435897435897436
IND571111AAB,IND571313AAB,7,53.0,31.0,1.7096774193548387
IND571114AAA,IND570020AAA,6,213.0,52.0,4.096153846153846
IND571124AAA,IND570020AAA,8,138.5,30.0,4.616666666666666
IND571213AAA,IND571114AAA,6,106.5,67.0,1.5895522388059702
IND571301AAA,IND571111AAB,6,47.0,23.5,2.0
IND571313AAB,IND571440AAA,7,58.0,46.0,1.2608695652173914
IND571401AAA,IND562160AAB,10,47.0,47.0,1.0
IND571426AAA,IND571104AAA,10,151.0,80.0,1.8875
IND571430AAA,IND571124AAA,7,47.0,34.0,1.3823529411764706
IND571432AAB,IND571426AAA,11,49.0,37.0,1.3243243243243243
IND571438AAB,IND571401AAA,9,40.0,31.0,1.2903225806451613
IND571440AAA,IND571430AAA,7,53.0,50.0,1.06
IND572101AAA,IND561203AAB,8,83.0,42.5,1.9529411764705882
IND572201AAB,IND573201AAB,2,98.5,50.5,1.9504950495049505
IND572201AAB,IND577116AAA,1,97.0,52.0,1.8653846153846154
IND573103AAA,IND572201AAB,2,30.0,17.5,1.7142857142857142
IND573103AAA,IND577116AAA,2,46.0,35.0,1.3142857142857143
IND573116AAA,IND571426AAA,1,162.0,29.0,5.586206896551724
IND573116AAA,IND571432AAB,7,74.0,44.0,1.6818181818181819
IND573116AAA,IND573142AAA,1,126.0,54.0,2.3333333333333335
IND573134AAB,IND573201AAB,8,67.0,32.5,2.0615384615384613
IND573134AAB,IND577101AAA,1,92.0,54.0,1.7037037037037037
IND573142AAA,IND573201AAB,11,71.0,39.0,1.8205128205128205
IND573201AAB,IND572201AAB,4,77.5,50.0,1.55
IND573201AAB,IND573103AAA,3,114.0,40.0,2.85
IND573201AAB,IND573116AAA,9,69.0,30.0,2.3
IND573201AAB,IND573134AAB,3,52.0,32.0,1.625
IND573201AAB,IND575004AAB,14,400.5,125.0,3.204
IND574104AAA,IND574216AAA,10,90.5,46.5,1.946236559139785
IND574117AAA,IND576101AAA,2,36.5,22.0,1.6590909090909092
IND574117AAA,IND576201AAA,1,127.0,42.0,3.0238095238095237
IND574202AAA,IND574239AAA,6,50.0,31.0,1.6129032258064515
IND574211AAA,IND574202AAA,5,47.0,19.0,2.473684210526316
IND574211AAA,IND574216AAA,1,81.0,28.0,2.892857142857143
IND574216AAA,IND562132AAA,1,433.0,220.0,1.9681818181818183
IND574216AAA,IND575004AAB,4,110.5,47.0,2.351063829787234
IND574221AAA,IND562132AAA,6,553.0,215.0,2.572093023255814
IND574227AAA,IND574104AAA,9,25.0,14.0,1.7857142857142858
IND574239AAA,IND574221AAA,7,53.0,35.0,1.5142857142857142
IND575004AAB,IND562132AAA,4,559.5,250.0,2.238
IND575004AAB,IND574117AAA,5,69.0,30.0,2.3
IND575004AAB,IND574211AAA,8,36.0,17.0,2.1176470588235294
IND575004AAB,IND574227AAA,2,63.0,29.5,2.135593220338983
IND575004AAB,IND575014AAA,2,46.5,18.5,2.5135135135135136
IND575004AAB,IND576101AAA,1,104.0,50.0,2.08
IND575004AAB,IND671323AAD,3,47.0,26.0,1.8076923076923077
IND575014AAA,IND403726AAA,1,513.0,293.0,1.7508532423208192
IND576101AAA,IND576201AAA,3,47.0,30.0,1.5666666666666667
IND576201AAA,IND581320AAA,4,74.5,36.5,2.041095890410959
IND577002AAA,IND580028AAA,11,163.0,101.0,1.613861386138614
IND577002AAA,IND581110AAE,1,126.0,52.0,2.423076923076923
IND577002AAA,IND581115AAC,12,85.5,29.5,2.8983050847457625
IND577101AAA,IND577116AAA,1,51.0,46.0,1.108695652173913
IND577101AAA,IND577132AAD,5,45.0,21.0,2.142857142857143
IND577116AAA,IND577101AAA,3,42.0,40.0,1.05
IND577126AAA,IND577201AAA,1,176.0,65.0,2.707692307692308
IND577132AAD,IND573134AAB,7,63.0,32.0,1.96875
IND577201AAA,IND562132AAA,10,384.0,214.5,1.7902097902097902
IND577201AAA,IND577432AAA,1,106.0,45.0,2.3555555555555556
IND577401AAA,IND562132AAA,1,674.0,298.0,2.261744966442953
IND577401AAA,IND577201AAA,7,99.0,88.0,1.125
IND577432AAA,IND577126AAA,1,42.0,20.0,2.1
IND577501AAA,IND577002AAA,10,74.0,44.0,1.6818181818181819
IND577522AAA,IND562132AAA,10,209.0,140.0,1.4928571428571429
IND577535AAC,IND577522AAA,10,62.0,39.0,1.5897435897435896
IND577598AAB,IND573142AAA,11,106.0,57.0,1.8596491228070176
IND577598AAC,IND577501AAA,11,59.0,32.0,1.84375
IND580002AAA,IND580028AAA,2,112.5,20.5,5.487804878048781
IND580028AAA,IND403726AAA,13,341.0,141.0,2.4184397163120566
IND580028AAA,IND562132AAA,1,513.0,285.0,1.8
IND580028AAA,IND580002AAA,5,72.0,21.0,3.4285714285714284
IND580028AAA,IND581402AAA,15,120.0,83.0,1.4457831325301205
IND580028AAA,IND590016AAA,7,161.0,74.0,2.175675675675676
IND580028AAA,IND591115AAB,4,77.0,43.5,1.7701149425287357
IND580028AAA,IND591123AAC,13,171.0,87.0,1.9655172413793103
IND581110AAE,IND577002AAA,2,124.0,58.0,2.1379310344827585
IND581110AAE,IND581119AAB,11,82.0,43.0,1.9069767441860466
IND581115AAC,IND581110AAE,13,45.0,26.0,1.7307692307692308
IND581119AAB,IND577002AAA,10,80.5,45.0,1.788888888888889
IND581303AAA,IND581325AAA,2,140.0,94.0,1.4893617021276595
IND581303AAA,IND581400AAB,12,52.5,44.5,1.1797752808988764
IND581314AAA,IND403726AAA,9,202.0,113.0,1.7876106194690264
IND581314AAA,IND581334AAA,1,85.0,56.0,1.5178571428571428
IND581320AAA,IND575004AAB,1,259.0,111.0,2.3333333333333335
IND581320AAA,IND581334AAA,4,57.5,38.0,1.513157894736842
IND581325AAA,IND580028AAA,14,132.5,68.0,1.9485294117647058
IND581334AAA,IND581314AAA,3,96.0,51.0,1.8823529411764706
IND581334AAA,IND581320AAA,1,47.0,31.0,1.5161290322580645
IND581334AAA,IND581343AAC,2,45.0,20.0,2.25
IND581343AAC,IND581314AAA,6,54.5,32.5,1.676923076923077
IND581400AAB,IND581325AAA,12,114.0,108.0,1.0555555555555556
IND581402AAA,IND577201AAA,1,224.0,128.0,1.75
IND581402AAA,IND577401AAA,9,114.0,72.0,1.5833333333333333
IND582101AAB,IND580028AAA,12,136.5,46.0,2.967391304347826
IND582209AAA,IND582101AAB,11,78.0,37.0,2.108108108108108
IND583101AAA,IND577535AAC,10,79.0,43.0,1.8372093023255813
IND583101AAA,IND583201AAA,11,120.0,46.0,2.608695652173913
IND583119AAA,IND583101AAA,7,182.0,44.0,4.136363636363637
IND583201AAA,IND583101AAA,1,127.0,45.0,2.8222222222222224
IND583201AAA,IND583119AAA,7,63.0,27.0,2.3333333333333335
IND583201AAA,IND583227AAA,11,60.0,30.0,2.0
IND583227AAA,IND583231AAA,10,67.0,39.0,1.7179487179487178
IND583231AAA,IND583201AAA,10,53.0,22.0,2.409090909090909
IND584101AAA,IND509124AAA,9,82.0,56.0,1.4642857142857142
IND584101AAA,IND518002AAA,1,346.0,91.0,3.802197802197802
IND584101AAA,IND584123AAA,2,66.5,43.0,1.5465116279069768
IND584123AAA,IND584128AAA,1,52.0,36.0,1.4444444444444444
IND584128AAA,IND583121AAA,2,50.0,22.5,2.2222222222222223
IND585104AAA,IND585211AAA,11,73.0,38.0,1.9210526315789473
IND585104AAA,IND585307AAB,4,100.0,66.0,1.5151515151515151
IND585104AAA,IND585314AAA,4,70.0,38.5,1.8181818181818181
IND585104AAA,IND585330AAE,14,79.0,43.0,1.8372093023255813
IND585104AAA,IND586128AAA,9,142.0,73.0,1.9452054794520548
IND585211AAA,IND585104AAA,3,84.0,38.0,2.210526315789474
IND585211AAA,IND585222AAA,11,36.0,24.0,1.5
IND585222AAA,IND585211AAA,4,36.0,26.0,1.3846153846153846
IND585222AAA,IND585307AAB,11,57.0,36.0,1.5833333333333333
IND585307AAB,IND585104AAA,11,285.0,67.0,4.253731343283582
IND585307AAB,IND585222AAA,4,51.5,37.0,1.3918918918918919
IND585314AAA,IND585104AAA,9,193.0,37.0,5.216216216216216
IND585314AAA,IND586211AAA,3,188.0,97.0,1.9381443298969072
IND585330AAE,IND585401AAA,15,64.0,34.0,1.8823529411764706
IND585401AAA,IND502286AAB,15,105.0,42.0,2.5
IND586101AAA,IND416404AAA,4,102.0,44.5,2.292134831460674
IND586101AAB,IND416404AAA,2,88.5,44.0,2.0113636363636362
IND586128AAA,IND585104AAA,4,222.0,73.0,3.041095890410959
IND586128AAA,IND586211AAA,9,76.0,47.0,1.6170212765957446
IND586211AAA,IND585314AAA,9,178.0,97.0,1.8350515463917525
IND586211AAA,IND586128AAA,3,86.0,47.0,1.8297872340425532
IND587103AAB,IND582101AAB,2,199.0,92.0,2.1630434782608696
IND587103AAB,IND582209AAA,12,116.0,61.0,1.901639344262295
IND590016AAA,IND591302AAB,3,45.0,32.0,1.40625
IND591102AAA,IND591307AAC,12,84.5,42.0,2.011904761904762
IND591115AAB,IND590016AAA,4,55.5,30.5,1.819672131147541
IND591123AAC,IND587103AAB,13,87.0,52.0,1.6730769230769231
IND591126AAA,IND591102AAA,1,49.0,30.0,1.6333333333333333
IND591201AAA,IND591304AAA,8,87.5,60.0,1.4583333333333333
IND591237AAB,IND591201AAA,1,25.0,21.0,1.1904761904761905
IND591302AAB,IND580028AAA,5,150.0,81.0,1.8518518518518519
IND591304AAA,IND586101AAA,8,99.5,67.0,1.4850746268656716
IND591304AAA,IND586101AAB,2,98.5,66.0,1.4924242424242424
IND591307AAC,IND580002AAA,2,224.5,89.0,2.5224719101123596
IND591307AAC,IND580028AAA,2,287.5,109.5,2.625570776255708
IND600004AAA,IND600008AAC,2,78.5,13.5,5.814814814814815
IND600008AAA,IND600044AAC,11,82.0,37.0,2.2162162162162162
IND600008AAC,IND600004AAA,1,33.0,14.0,2.357142857142857
IND600008AAC,IND600056AAB,11,91.0,37.0,2.4594594594594597
IND600016AAA,IND600119AAA,4,44.0,26.0,1.6923076923076923
IND600016AAB,IND600044AAC,18,68.0,33.0,2.0606060606060606
IND600016AAC,IND600056AAB,1,74.0,33.0,2.242424242424242
IND600016AAC,IND600119AAA,6,50.0,32.0,1.5625
IND600032AAB,IND600008AAC,1,48.0,8.0,6.0
IND600032AAB,IND600044AAD,12,19.0,11.0,1.7272727272727273
IND600032AAB,IND600056AAB,45,60.0,33.0,1.8181818181818181
IND600032AAB,IND600076AAB,31,35.0,16.0,2.1875
IND600044AAD,IND600032AAB,7,31.0,11.0,2.8181818181818183
IND600044AAD,IND600048AAA,8,47.5,11.0,4.318181818181818
IND600044AAD,IND600056AAB,12,67.0,36.0,1.8611111111111112
IND600044AAD,IND603001AAA,10,84.5,30.0,2.816666666666667
IND600044AAD,IND603203AAA,2,60.5,16.5,3.6666666666666665
IND600044AAE,IND600056AAB,22,72.5,35.0,2.0714285714285716
IND600048AAA,IND600044AAD,1,25.0,11.0,2.272727272727273
IND600056AAA,IND602105AAB,4,39.5,12.5,3.16
IND600056AAB,IND501359AAE,5,876.0,486.0,1.8024691358024691
IND600056AAB,IND524003AAA,14,241.5,150.5,1.6046511627906976
IND600056AAB,IND530012AAA,2,1027.0,598.5,1.7159565580618212
IND600056AAB,IND560099AAB,13,404.0,235.0,1.7191489361702128
IND600056AAB,IND562132AAA,11,461.0,250.0,1.844
IND600056AAB,IND600008AAC,21,102.0,35.0,2.914285714285714
IND600056AAB,IND600016AAC,9,79.0,33.0,2.393939393939394
IND600056AAB,IND600032AAB,36,72.0,33.0,2.1818181818181817
IND600056AAB,IND600044AAD,4,59.5,34.5,1.7246376811594204
IND600056AAB,IND600044AAE,26,66.5,35.0,1.9
IND600056AAB,IND600076AAB,8,75.5,36.0,2.0972222222222223
IND600056AAB,IND600110AAA,20,96.0,37.0,2.5945945945945947
IND600056AAB,IND600116AAB,12,125.0,29.0,4.310344827586207
IND600056AAB,IND605010AAB,13,198.0,139.0,1.4244604316546763
IND600056AAB,IND605601AAA,6,181.0,135.0,1.3407407407407408
IND600056AAB,IND631501AAA,6,80.0,34.0,2.3529411764705883
IND600056AAB,IND632006AAA,13,144.0,84.0,1.7142857142857142
IND600056AAB,IND635802AAB,3,166.0,127.0,1.3070866141732282
IND600076AAB,IND600032AAB,13,46.0,18.0,2.5555555555555554
IND600076AAB,IND600056AAB,1,72.0,37.0,1.945945945945946
IND600083AAA,IND600116AAB,1,29.0,14.0,2.0714285714285716
IND600110AAA,IND600056AAB,6,84.5,37.0,2.2837837837837838
IND600110AAA,IND600056AAD,1,86.0,38.0,2.263157894736842
IND600116AAB,IND600056AAA,2,46.0,11.5,4.0
IND600116AAB,IND600056AAB,2,66.0,28.5,2.3157894736842106
IND600116AAB,IND602024AAA,7,74.0,18.0,4.111111111111111
IND600119AAA,IND600016AAC,5,76.0,20.0,3.8
IND602001AAA,IND600116AAB,1,74.0,29.0,2.5517241379310347
IND602001AAB,IND609001AAA,11,62.0,27.0,2.2962962962962963
IND602024AAA,IND600116AAB,3,64.0,17.0,3.764705882352941
IND602024AAA,IND602001AAA,6,28.0,11.0,2.5454545454545454
IND603001AAA,IND603301AAA,11,49.0,35.0,1.4
IND603102AAA,IND600056AAB,12,125.0,68.0,1.838235294117647
IND603203AAA,IND600044AAD,7,62.0,15.0,4.133333333333334
IND603203AAA,IND600048AAA,1,20.0,12.0,1.6666666666666667
IND603301AAA,IND600044AAD,11,139.0,58.0,2.396551724137931
IND604303AAA,IND603102AAA,4,75.0,39.0,1.9230769230769231
IND605010AAB,IND600056AAB,3,220.0,130.0,1.6923076923076923
IND605010AAB,IND604303AAA,4,72.5,50.5,1.4356435643564356
IND605010AAB,IND607001AAA,11,52.0,29.0,1.793103448275862
IND605601AAA,IND600056AAB,6,215.0,125.0,1.72
IND605601AAA,IND607106AAA,12,46.0,21.5,2.13953488372093
IND605601AAA,IND636102AAA,6,149.0,89.5,1.664804469273743
IND606003AAA,IND606105AAA,11,24.0,15.0,1.6
IND606105AAA,IND606201AAC,11,88.0,54.0,1.6296296296296295
IND606201AAC,IND605601AAA,12,167.5,81.0,2.067901234567901
IND606801AAB,IND632006AAA,9,134.0,55.0,2.4363636363636365
IND606803AAA,IND606801AAB,10,32.0,24.0,1.3333333333333333
IND607001AAA,IND608001AAA,10,56.5,28.0,2.017857142857143
IND607106AAA,IND607801AAA,12,27.0,12.0,2.25
IND607801AAA,IND606003AAA,12,50.0,23.0,2.1739130434782608
IND608001AAA,IND609110AAA,7,41.0,16.0,2.5625
IND608301AAA,IND639104AAB,11,229.0,119.0,1.9243697478991597
IND609001AAA,IND614018AAA,12,129.0,59.0,2.1864406779661016
IND609110AAA,IND609602AAA,7,57.0,29.0,1.9655172413793103
IND609602AAA,IND611001AAA,10,52.5,16.5,3.1818181818181817
IND610001AAA,IND605010AAB,10,261.0,126.0,2.0714285714285716
IND610001AAA,IND614715AAA,12,43.0,25.0,1.72
IND611001AAA,IND610001AAA,10,38.5,17.0,2.264705882352941
IND614018AAA,IND613104AAA,10,121.5,60.0,2.025
IND614602AAA,IND614804AAA,11,36.0,24.0,1.5
IND614616AAA,IND630002AAA,11,53.0,33.0,1.606060606060606
IND614620AAA,IND630561AAA,12,146.5,74.0,1.9797297297297298
IND614715AAA,IND614809AAA,12,57.0,38.0,1.5
IND614804AAA,IND614616AAA,11,32.0,27.0,1.1851851851851851
IND614809AAA,IND610001AAA,12,99.0,44.0,2.25
IND620020AAA,IND621112AAA,24,22.5,13.5,1.6666666666666667
IND621010AAA,IND621212AAA,11,52.0,35.0,1.4857142857142858
IND621112AAA,IND620012AAA,1,155.0,24.0,6.458333333333333
IND621211AAA,IND621010AAA,10,37.0,22.0,1.6818181818181819
IND621212AAA,IND621704AAA,11,35.0,23.0,1.5217391304347827
IND621306AAA,IND625106AAA,12,96.0,73.0,1.3150684931506849
IND621704AAA,IND621802AAA,12,61.0,31.0,1.967741935483871
IND621802AAA,IND608301AAA,9,42.0,17.0,2.4705882352941178
IND621802AAA,IND621212AAA,1,89.0,52.0,1.7115384615384615
IND622407AAA,IND622001AAA,9,50.0,34.0,1.4705882352941178
IND623315AAB,IND614620AAA,12,45.5,30.0,1.5166666666666666
IND623407AAA,IND623315AAB,12,26.5,25.0,1.06
IND623503AAA,IND623526AAA,7,64.0,71.0,0.9014084507042254
IND623526AAA,IND623704AAA,8,131.0,125.0,1.048
IND623701AAA,IND623503AAA,7,53.0,46.0,1.1521739130434783
IND623704AAA,IND626607AAB,7,59.0,47.0,1.2553191489361701
IND624001AAA,IND624619AAA,8,40.0,27.5,1.4545454545454546
IND624001AAA,IND625008AAA,9,68.0,49.0,1.3877551020408163
IND624101AAA,IND624202AAA,8,85.0,120.5,0.7053941908713693
IND624202AAA,IND625218AAA,8,35.0,23.0,1.5217391304347827
IND624601AAA,IND624101AAA,12,104.5,133.0,0.7857142857142857
IND624619AAA,IND624601AAA,6,35.0,26.5,1.320754716981132
IND625008AAA,IND626123AAA,12,88.5,49.0,1.8061224489795917
IND625106AAA,IND625008AAA,13,77.0,43.0,1.7906976744186047
IND625516AAA,IND685514AAA,5,87.0,47.0,1.851063829787234
IND625531AAA,IND625516AAA,6,59.0,46.0,1.2826086956521738
IND625532AAA,IND625531AAA,5,70.0,46.0,1.5217391304347827
IND625532AAA,IND685514AAA,1,219.0,132.0,1.6590909090909092
IND626117AAA,IND626138AAA,9,32.0,25.0,1.28
IND626123AAA,IND627756AAA,12,92.0,49.0,1.8775510204081634
IND626138AAA,IND625008AAA,11,94.0,61.0,1.540983606557377
IND626607AAB,IND625008AAA,7,76.0,50.0,1.52
IND627005AAA,IND627117AAA,11,67.0,41.0,1.6341463414634145
IND627005AAA,IND627811AAA,6,83.0,59.0,1.4067796610169492
IND627005AAA,IND628801AAA,12,70.0,44.5,1.5730337078651686
IND627005AAA,IND629001AAA,1,141.0,70.0,2.0142857142857142
IND627117AAA,IND629001AAA,11,62.0,32.0,1.9375
IND627401AAA,IND627005AAA,10,80.0,36.0,2.2222222222222223
IND627657AAA,IND628613AAA,12,37.0,35.0,1.0571428571428572
IND627756AAA,IND626117AAA,12,48.0,29.0,1.6551724137931034
IND627811AAA,IND627401AAA,6,56.0,32.0,1.75
IND628204AAA,IND627657AAA,12,50.0,41.0,1.2195121951219512
IND628613AAA,IND627005AAA,10,82.5,47.0,1.7553191489361701
IND628801AAA,IND628204AAA,12,23.5,16.0,1.46875
IND629179AAA,IND627005AAA,11,196.0,95.0,2.0631578947368423
IND630002AAA,IND622407AAA,9,68.0,47.0,1.446808510638298
IND630561AAA,IND623407AAA,11,59.0,33.0,1.7878787878787878
IND630561AAA,IND623701AAA,5,54.0,39.0,1.3846153846153846
IND631003AAA,IND600056AAB,5,106.0,39.0,2.717948717948718
IND631102AAA,IND600056AAB,12,128.5,62.0,2.0725806451612905
IND631501AAA,IND600056AAB,1,1649.0,34.0,48.5
IND631501AAA,IND631003AAA,5,69.0,26.0,2.6538461538461537
IND632006AAA,IND562132AAA,2,369.0,182.0,2.0274725274725274
IND632006AAA,IND600056AAB,17,148.0,83.0,1.783132530120482
IND632006AAA,IND632301AAA,10,62.0,32.0,1.9375
IND632006AAA,IND632402AAA,8,62.0,21.5,2.883720930232558
IND632006AAA,IND635802AAB,3,58.0,44.0,1.3181818181818181
IND632301AAA,IND606803AAA,9,41.0,20.0,2.05
IND632402AAA,IND631102AAA,11,38.0,25.0,1.52
IND635001AAA,IND562132AAA,4,207.5,118.0,1.7584745762711864
IND635001AAA,IND636705AAB,4,72.5,52.0,1.3942307692307692
IND635601AAB,IND635802AAB,7,157.0,34.0,4.617647058823529
IND635802AAB,IND562132AAA,6,295.5,168.0,1.7589285714285714
IND635802AAB,IND635601AAB,7,69.0,41.0,1.6829268292682926
IND636005AAA,IND636005AAC,1,61.0,12.0,5.083333333333333
IND636005AAA,IND636016AAA,3,18.0,9.0,2.0
IND636016AAA,IND636402AAA,1,164.0,60.0,2.7333333333333334
IND636016AAA,IND637211AAA,10,69.0,46.0,1.5
IND636102AAA,IND605601AAA,5,142.0,105.0,1.3523809523809525
IND636352AAA,IND636705AAB,5,40.0,25.0,1.6
IND636705AAB,IND562132AAA,5,283.0,155.0,1.8258064516129033
IND636705AAB,IND635001AAA,4,71.0,50.0,1.42
IND637211AAA,IND636402AAA,11,90.0,61.0,1.4754098360655739
IND637301AAA,IND638001AAA,10,32.0,18.0,1.7777777777777777
IND637408AAA,IND637001AAA,10,51.0,29.0,1.7586206896551724
IND638001AAA,IND638052AAA,3,37.0,17.0,2.176470588235294
IND638401AAA,IND638452AAA,10,26.0,26.0,1.0
IND638452AAA,IND638501AAB,2,32.5,25.0,1.3
IND638501AAB,IND641062AAD,11,110.0,75.0,1.4666666666666666
IND638657AAA,IND638701AAA,12,43.5,29.0,1.5
IND638701AAA,IND641607AAA,12,53.5,23.5,2.276595744680851
IND639001AAA,IND624001AAA,9,94.0,55.0,1.709090909090909
IND639104AAB,IND620012AAA,1,66.0,44.0,1.5
IND641001AAA,IND641062AAD,2,146.5,35.5,4.126760563380282
IND641006AAD,IND641062AAD,1,42.0,27.0,1.5555555555555556
IND641008AAA,IND641001AAA,3,34.0,12.0,2.8333333333333335
IND641011AAA,IND641062AAD,5,135.0,35.0,3.857142857142857
IND641062AAD,IND638401AAA,9,78.0,43.0,1.813953488372093
IND641062AAD,IND641008AAA,1,112.0,35.0,3.2
IND641062AAD,IND641607AAA,12,49.5,30.0,1.65
IND641062AAD,IND642126AAA,12,107.5,72.0,1.4930555555555556
IND641062AAD,IND643217AAA,1,202.0,73.0,2.767123287671233
IND641062AAD,IND643231AAA,11,146.0,60.0,2.433333333333333
IND641607AAA,IND641062AAD,20,85.5,29.0,2.9482758620689653
IND641607AAA,IND641654AAA,7,34.0,16.0,2.125
IND641607AAA,IND641664AAA,3,38.0,20.0,1.9
IND641654AAA,IND641664AAA,7,39.0,26.0,1.5
IND641664AAA,IND638657AAA,11,55.0,38.0,1.4473684210526316
IND642001AAA,IND641062AAD,12,91.5,57.0,1.605263157894737
IND642126AAA,IND642001AAA,12,42.0,31.0,1.3548387096774193
IND643001AAA,IND643212AAA,4,92.0,36.5,2.5205479452054793
IND643212AAA,IND641062AAD,2,380.5,110.5,3.4434389140271495
IND643217AAA,IND643001AAA,7,47.0,49.0,0.9591836734693877
IND643231AAA,IND643217AAA,9,38.0,34.0,1.1176470588235294
IND670645AAB,IND673592AAA,6,99.0,37.0,2.675675675675676
IND671315AAA,IND575004AAB,2,625.5,78.0,8.01923076923077
IND671323AAD,IND000000ACO,1,50.0,32.0,1.5625
IND673027AAB,IND673104AAA,1,359.0,65.0,5.523076923076923
IND673027AAB,IND673305AAA,2,338.5,42.0,8.05952380952381
IND673104AAA,IND673506AAA,12,28.0,17.0,1.6470588235294117
IND673121AAA,IND670645AAB,8,69.5,31.5,2.2063492063492065
IND673305AAA,IND673104AAA,10,28.0,22.0,1.2727272727272727
IND673506AAA,IND670643AAA,12,33.5,23.5,1.425531914893617
IND673573AAA,IND673592AAA,12,97.5,62.0,1.5725806451612903
IND673592AAA,IND562132AAA,12,464.5,224.0,2.0736607142857144
IND673592AAA,IND670645AAB,1,133.0,38.0,3.5
IND673592AAA,IND673121AAA,11,32.0,17.0,1.8823529411764706
IND676306AAA,IND676509AAA,5,30.0,20.0,1.5
IND676509AAA,IND679322AAA,3,43.0,20.0,2.15
IND678683AAA,IND000000ABD,13,41.0,34.0,1.2058823529411764
IND679303AAA,IND679531AAA,9,46.0,16.0,2.875
IND679322AAA,IND673639AAA,1,87.0,39.0,2.230769230769231
IND679329AAA,IND673639AAA,3,34.0,21.0,1.619047619047619
IND679531AAA,IND680587AAA,9,34.0,25.0,1.36
IND680012AAA,IND679303AAA,7,82.0,57.0,1.4385964912280702
IND68004AAA,IND678683AAA,14,89.5,37.0,2.418918918918919
IND68004AAA,IND683511AAA,6,125.5,52.5,2.3904761904761904
IND680104AAA,IND679576AAA,12,50.0,33.0,1.5151515151515151
IND680307AAA,IND680712AAA,4,35.0,21.0,1.6666666666666667
IND680307AAA,IND683511AAA,2,29.5,17.5,1.6857142857142857
IND680587AAA,IND68004AAA,6,73.0,43.5,1.6781609195402298
IND680587AAA,IND683511AAA,3,219.0,80.0,2.7375
IND680712AAA,IND683511AAA,6,64.0,39.0,1.641025641025641
IND683511AAA,IND000000ABA,10,35.0,30.0,1.1666666666666667
IND683511AAA,IND000000ADM,8,40.5,25.0,1.62
IND683511AAA,IND562132AAA,8,881.5,426.0,2.06924882629108
IND683511AAA,IND680012AAA,6,87.0,57.0,1.5263157894736843
IND683511AAA,IND68004AAA,13,69.0,48.0,1.4375
IND683511AAA,IND680104AAA,11,121.0,80.0,1.5125
IND683511AAA,IND686028AAB,7,157.0,79.0,1.9873417721518987
IND683565AAA,IND683511AAA,9,36.0,20.0,1.8
IND683572AAA,IND680307AAA,7,24.0,12.0,2.0
IND685514AAA,IND625008AAA,6,264.0,169.0,1.5621301775147929
IND686028AAB,IND686632AAA,1,128.0,21.0,6.095238095238095
IND686028AAB,IND689101AAA,10,34.0,25.5,1.3333333333333333
IND686507AAA,IND686513AAA,10,21.5,9.0,2.388888888888889
IND686507AAA,IND686540AAA,1,43.0,26.0,1.6538461538461537
IND686513AAA,IND686507AAA,1,28.0,10.0,2.8
IND686513AAA,IND686540AAA,4,90.5,36.5,2.4794520547945207
IND686540AAA,IND686028AAB,1,37.0,19.0,1.9473684210526316
IND686632AAA,IND686141AAA,1,50.0,20.0,2.5
IND688009AAA,IND686028AAB,10,152.0,46.0,3.3043478260869565
IND688524AAA,IND683511AAA,7,118.0,51.0,2.3137254901960786
IND689101AAA,IND689650AAA,1,15.0,14.0,1.0714285714285714
IND689101AAA,IND690548AAA,4,35.5,25.0,1.42
IND689503AAB,IND683511AAA,1,270.0,120.0,2.25
IND689645AAA,IND691551AAA,11,42.0,25.0,1.68
IND689650AAA,IND690548AAA,1,64.0,41.0,1.5609756097560976
IND690537AAA,IND689503AAB,1,58.0,28.0,2.0714285714285716
IND690548AAA,IND688009AAA,9,39.0,32.0,1.21875
IND691001AAB,IND683511AAA,9,211.0,168.0,1.255952380952381
IND691001AAB,IND690573AAA,1,40.0,37.0,1.0810810810810811
IND691001AAB,IND691506AAA,15,37.0,25.0,1.48
IND691001AAB,IND695012AAA,1,86.0,64.0,1.34375
IND691305AAA,IND689645AAA,11,60.0,27.0,2.2222222222222223
IND691506AAA,IND691305AAA,14,28.5,19.0,1.5
IND691551AAA,IND691001AAB,14,89.0,40.0,2.225
IND691574AAA,IND695614AAA,14,31.0,20.0,1.55
IND695012AAA,IND691001AAB,12,100.0,65.0,1.5384615384615385
IND695012AAA,IND695101AAB,2,63.0,26.0,2.423076923076923
IND695012AAB,IND695012AAA,3,62.0,14.0,4.428571428571429
IND695101AAB,IND691574AAA,13,19.0,15.0,1.2666666666666666
IND695101AAB,IND695012AAA,1,279.0,31.0,9.0
IND695121AAA,IND695572AAB,11,26.0,14.0,1.8571428571428572
IND695541AAA,IND695012AAA,1,47.0,15.0,3.1333333333333333
IND695541AAA,IND695572AAB,1,29.0,22.0,1.3181818181818181
IND695572AAB,IND000000AFJ,1,44.0,26.0,1.6923076923076923
IND695572AAB,IND695541AAA,9,31.0,22.0,1.4090909090909092
IND695582AAA,IND691574AAA,1,65.0,39.0,1.6666666666666667
IND695582AAA,IND695101AAB,12,26.0,22.5,1.1555555555555554
IND695609AAA,IND695012AAA,2,68.5,36.0,1.9027777777777777
IND695614AAA,IND695609AAA,2,24.5,19.0,1.2894736842105263
IND700026AAC,IND700065AAA,2,31.5,20.0,1.575
IND700026AAC,IND712311AAA,3,201.0,36.0,5.583333333333333
IND700028AAB,IND712311AAA,8,65.5,18.0,3.638888888888889
IND700053AAA,IND700136AAB,1,74.0,29.0,2.5517241379310347
IND700053AAA,IND712311AAA,6,219.0,29.0,7.551724137931035
IND700053AAA,IND743513AAA,4,78.0,27.0,2.888888888888889
IND700065AAA,IND712311AAA,23,82.0,21.0,3.9047619047619047
IND700065AAB,IND712310AAA,11,115.0,22.0,5.2272727272727275
IND700088AAA,IND712311AAA,5,70.0,29.0,2.413793103448276
IND700136AAG,IND712310AAA,16,89.5,19.5,4.589743589743589
IND711303AAA,IND721134AAB,11,30.0,37.0,0.8108108108108109
IND712103AAA,IND712310AAE,18,107.5,30.0,3.5833333333333335
IND712124AAA,IND712103AAA,20,31.0,11.0,2.8181818181818183
IND712310AAE,IND711303AAA,12,92.0,40.5,2.271604938271605
IND712310AAE,IND711409AAA,1,19.0,16.0,1.1875
IND712310AAE,IND712124AAA,21,68.0,19.0,3.5789473684210527
IND712311AAA,IND000000ACB,9,2040.0,1055.0,1.933649289099526
IND712311AAA,IND421302AAG,2,3001.5,1341.0,2.238255033557047
IND712311AAA,IND700026AAC,29,90.0,36.0,2.5
IND712311AAA,IND700028AAB,22,63.5,19.0,3.3421052631578947
IND712311AAA,IND700053AAA,15,84.0,29.0,2.896551724137931
IND712311AAA,IND700065AAA,28,75.0,22.0,3.409090909090909
IND712311AAA,IND700088AAA,23,113.0,30.0,3.7666666666666666
IND712311AAA,IND712310AAE,1,20.0,12.0,1.6666666666666667
IND712311AAA,IND712410AAC,4,171.0,38.5,4.441558441558442
IND712311AAA,IND713103AAA,6,126.5,59.0,2.1440677966101696
IND712311AAA,IND713145AAB,1,156.0,74.0,2.108108108108108
IND712311AAA,IND713205AAB,7,222.0,106.0,2.0943396226415096
IND712311AAA,IND721306AAA,8,211.0,101.0,2.089108910891089
IND712311AAA,IND732103AAB,3,605.0,215.0,2.813953488372093
IND712311AAA,IND742101AAC,8,443.0,158.0,2.8037974683544302
IND712311AAA,IND742102AAB,3,498.0,158.0,3.151898734177215
IND712311AAA,IND743235AAA,1,176.0,57.0,3.087719298245614
IND712311AAA,IND751002AAB,23,601.0,312.0,1.9262820512820513
IND712311AAA,IND781018AAB,5,2125.0,688.0,3.0886627906976742
IND712311AAA,IND826004AAA,3,314.0,182.0,1.7252747252747254
IND712311AAA,IND834002AAB,11,664.0,286.0,2.3216783216783217
IND712406AAA,IND712602AAA,1,79.0,34.0,2.323529411764706
IND712410AAC,IND712406AAA,2,48.5,41.0,1.1829268292682926
IND712602AAA,IND722154AAA,1,75.0,25.0,3.0
IND712612AAA,IND722154AAA,1,32.0,19.0,1.6842105263157894
IND713103AAA,IND713205AAB,4,98.5,51.0,1.9313725490196079
IND713128AAB,IND731204AAB,11,52.0,18.0,2.888888888888889
IND713128AAB,IND731301AAA,1,166.0,35.0,4.742857142857143
IND713130AAA,IND741123AAB,10,132.0,64.0,2.0625
IND713130AAA,IND741126AAB,1,253.0,69.0,3.6666666666666665
IND713145AAB,IND741316AAA,1,32.0,23.0,1.391304347826087
IND713148AAA,IND713128AAB,10,97.0,35.0,2.7714285714285714
IND713205AAB,IND712311AAA,7,850.0,105.0,8.095238095238095
IND713205AAB,IND713148AAA,3,80.0,18.0,4.444444444444445
IND713205AAB,IND713303AAA,5,69.0,27.0,2.5555555555555554
IND713205AAB,IND722101AAA,1,162.0,49.0,3.306122448979592
IND713205AAB,IND722101AAB,1,281.0,50.0,5.62
IND713205AAB,IND722101AAC,4,141.5,51.0,2.7745098039215685
IND713205AAB,IND722143AAB,8,94.5,25.0,3.78
IND713205AAB,IND722202AAA,3,73.0,19.0,3.8421052631578947
IND713205AAB,IND723130AAA,2,290.5,87.0,3.339080459770115
IND713205AAB,IND723133AAA,1,184.0,71.0,2.591549295774648
IND713303AAA,IND713364AAB,6,75.0,18.0,4.166666666666667
IND713364AAB,IND712311AAA,11,689.0,146.0,4.719178082191781
IND721102AAA,IND712311AAA,8,769.0,92.0,8.358695652173912
IND721133AAA,IND721434AAB,2,159.5,55.0,2.9
IND721134AAB,IND712310AAE,1,157.0,54.0,2.9074074074074074
IND721134AAB,IND721139AAC,10,25.0,16.0,1.5625
IND721139AAC,IND721602AAB,2,168.0,59.5,2.823529411764706
IND721139AAC,IND721636AAB,1,100.0,35.0,2.857142857142857
IND721212AAA,IND712310AAE,6,176.5,77.0,2.292207792207792
IND721253AAC,IND721306AAA,9,94.0,42.0,2.238095238095238
IND721306AAA,IND721102AAA,4,35.0,18.0,1.9444444444444444
IND721306AAA,IND721133AAA,2,38.0,17.5,2.1714285714285713
IND721306AAA,IND721507AAA,10,90.0,44.0,2.0454545454545454
IND721401AAA,IND721306AAA,2,157.0,81.5,1.9263803680981595
IND721434AAB,IND721401AAA,2,123.5,50.0,2.47
IND721501AAC,IND721253AAC,5,171.0,92.0,1.858695652173913
IND721602AAB,IND721139AAC,4,111.5,60.5,1.8429752066115703
IND721636AAB,IND721602AAB,3,45.0,41.0,1.0975609756097562
IND722101AAA,IND722122AAA,7,37.0,21.0,1.7619047619047619
IND722122AAA,IND713205AAB,6,132.5,71.5,1.8531468531468531
IND722140AAA,IND722151AAA,4,45.0,43.5,1.0344827586206897
IND722143AAB,IND723133AAA,9,74.0,52.0,1.4230769230769231
IND722151AAA,IND723130AAA,3,942.0,69.0,13.652173913043478
IND722154AAA,IND712311AAA,1,444.0,86.0,5.162790697674419
IND722202AAA,IND713205AAB,1,46.0,17.0,2.7058823529411766
IND722202AAA,IND722101AAC,3,44.0,29.0,1.5172413793103448
IND723101AAA,IND723202AAA,13,72.0,39.0,1.8461538461538463
IND723130AAA,IND723101AAA,14,49.0,21.0,2.3333333333333335
IND723130AAA,IND723131AAA,4,60.0,49.5,1.2121212121212122
IND723131AAA,IND722140AAA,6,42.0,31.0,1.3548387096774193
IND723133AAA,IND723130AAA,12,60.0,45.0,1.3333333333333333
IND723202AAA,IND713205AAB,13,325.0,145.0,2.2413793103448274
IND731204AAB,IND731301AAA,11,51.0,21.0,2.4285714285714284
IND731224AAA,IND742147AAA,8,66.5,31.0,2.1451612903225805
IND731237AAB,IND731224AAA,9,64.0,20.0,3.2
IND731301AAA,IND713205AAB,12,131.0,71.0,1.8450704225352113
IND732103AAA,IND732138AAA,2,105.5,37.0,2.8513513513513513
IND732103AAB,IND732202AAA,3,74.0,18.0,4.111111111111111
IND732103AAB,IND733128AAA,2,90.0,45.5,1.978021978021978
IND732138AAA,IND733102AAA,2,129.0,62.5,2.064
IND732138AAA,IND733124AAA,3,72.0,36.0,2.0
IND732138AAA,IND733140AAA,1,117.0,44.0,2.659090909090909
IND732202AAA,IND732204AAB,6,45.0,15.0,3.0
IND732204AAB,IND732139AAA,4,39.0,58.0,0.6724137931034483
IND733128AAA,IND733129AAB,1,114.0,45.0,2.533333333333333
IND733128AAA,IND733134AAA,2,41.0,21.5,1.9069767441860466
IND733129AAA,IND732103AAB,3,163.0,48.0,3.3958333333333335
IND733129AAB,IND733129AAA,2,45.0,24.0,1.875
IND733134AAA,IND733129AAB,1,32.0,21.0,1.5238095238095237
IND733140AAA,IND732103AAA,1,157.0,55.0,2.8545454545454545
IND733140AAA,IND733102AAA,6,49.5,25.0,1.98
IND733201AAA,IND733202AAB,1,84.0,42.0,2.0
IND733202AAB,IND733210AAA,1,41.0,31.0,1.3225806451612903
IND734214AAB,IND000000AFF,3,118.0,36.0,3.2777777777777777
IND735224AAA,IND736146AAA,8,72.5,49.0,1.4795918367346939
IND736135AAA,IND736101AAA,6,48.5,23.0,2.108695652173913
IND736135AAA,IND736165AAA,5,96.0,37.0,2.5945945945945947
IND736146AAA,IND736135AAA,8,93.0,57.0,1.631578947368421
IND741123AAB,IND741126AAB,11,78.0,32.0,2.4375
IND741126AAB,IND741156AAA,13,43.0,17.0,2.5294117647058822
IND741156AAA,IND742101AAC,8,86.0,32.0,2.6875
IND741156AAA,IND742102AAB,6,81.5,32.0,2.546875
IND741165AAB,IND742121AAB,9,100.0,82.0,1.2195121951219512
IND741201AAC,IND712311AAA,1,905.0,57.0,15.87719298245614
IND742101AAC,IND712311AAA,7,453.0,160.0,2.83125
IND742101AAC,IND713130AAA,3,155.0,92.0,1.684782608695652
IND742101AAC,IND731237AAB,7,79.0,30.0,2.6333333333333333
IND742101AAC,IND741123AAB,1,350.0,120.0,2.9166666666666665
IND742101AAC,IND742202AAA,1,154.0,60.0,2.566666666666667
IND742101AAC,IND742303AAB,7,70.0,29.0,2.413793103448276
IND742102AAB,IND712311AAA,4,415.0,160.0,2.59375
IND742102AAB,IND713130AAA,6,193.5,93.0,2.0806451612903225
IND742102AAB,IND731237AAB,5,88.0,30.0,2.933333333333333
IND742102AAB,IND742303AAB,6,60.0,29.0,2.0689655172413794
IND742121AAA,IND742101AAC,6,73.5,22.0,3.340909090909091
IND742121AAA,IND742102AAB,5,82.0,22.0,3.727272727272727
IND742121AAB,IND742101AAC,1,122.0,36.0,3.388888888888889
IND742121AAB,IND742121AAA,9,44.0,13.0,3.3846153846153846
IND742137AAA,IND742401AAA,3,62.0,29.0,2.1379310344827585
IND742147AAA,IND742137AAA,3,33.0,18.0,1.8333333333333333
IND742148AAA,IND742225AAA,9,61.0,14.0,4.357142857142857
IND742149AAA,IND742148AAA,9,53.0,18.0,2.9444444444444446
IND742149AAA,IND742225AAA,1,164.0,40.0,4.1
IND742202AAA,IND712311AAA,2,522.5,180.0,2.9027777777777777
IND742202AAA,IND732103AAA,1,170.0,36.0,4.722222222222222
IND742223AAA,IND742226AAA,10,70.0,45.0,1.5555555555555556
IND742225AAA,IND742223AAA,9,42.0,9.0,4.666666666666667
IND742226AAA,IND742101AAC,6,77.5,36.5,2.1232876712328768
IND742226AAA,IND742102AAB,5,64.0,36.0,1.7777777777777777
IND742303AAB,IND741165AAB,12,121.0,37.0,3.27027027027027
IND742401AAA,IND742101AAC,5,184.0,66.0,2.787878787878788
IND742401AAA,IND742102AAB,5,202.0,66.0,3.0606060606060606
IND743235AAA,IND743270AAA,2,39.5,18.0,2.1944444444444446
IND743270AAA,IND712311AAA,1,1128.0,76.0,14.842105263157896
IND743347AAA,IND700053AAA,4,240.5,63.0,3.8174603174603177
IND743513AAA,IND743347AAA,8,72.5,36.0,2.013888888888889
IND751002AAB,IND530012AAA,10,557.0,332.0,1.677710843373494
IND751002AAB,IND562132AAA,9,2392.0,1058.0,2.260869565217391
IND751002AAB,IND712311AAA,22,657.5,322.0,2.0419254658385095
IND751002AAB,IND754103AAA,6,444.5,42.0,10.583333333333334
IND751002AAB,IND756100AAC,10,163.5,88.0,1.8579545454545454
IND751002AAB,IND760003AAB,8,269.0,136.0,1.9779411764705883
IND751014AAA,IND751002AAB,4,18.5,7.0,2.642857142857143
IND751015AAA,IND751002AAB,4,14.0,7.0,2.0
IND751015AAA,IND752050AAA,1,18.0,11.0,1.6363636363636365
IND751015AAA,IND752055AAA,1,44.0,22.0,2.0
IND751015AAA,IND752056AAA,4,42.0,17.5,2.4
IND751021AAA,IND751002AAB,1,32.0,10.0,3.2
IND752050AAA,IND751002AAB,1,41.0,21.0,1.9523809523809523
IND752050AAA,IND752056AAA,1,14.0,6.0,2.3333333333333335
IND752055AAA,IND751002AAB,1,50.0,26.0,1.9230769230769231
IND752056AAA,IND751002AAB,1,36.0,19.0,1.894736842105263
IND754022AAA,IND751002AAB,2,115.5,51.5,2.2427184466019416
IND754103AAA,IND754142AAA,1,118.0,54.0,2.185185185185185
IND754142AAA,IND754211AAA,1,92.0,25.0,3.68
IND756019AAA,IND756032AAA,1,55.0,36.0,1.5277777777777777
IND756019AAA,IND757001AAA,1,120.0,46.0,2.608695652173913
IND756019AAA,IND757025AAA,4,44.0,19.0,2.3157894736842106
IND756019AAA,IND757041AAA,1,73.0,64.0,1.140625
IND756032AAA,IND712311AAA,7,373.0,137.0,2.7226277372262775
IND756045AAB,IND756019AAA,1,27.0,16.0,1.6875
IND756100AAC,IND756045AAB,1,50.0,43.0,1.1627906976744187
IND756100AAC,IND757037AAA,1,198.0,143.0,1.3846153846153846
IND756100AAC,IND758001AAA,3,321.0,131.0,2.450381679389313
IND756100AAC,IND758034AAA,8,374.0,173.5,2.155619596541787
IND757025AAA,IND757001AAA,2,40.0,17.0,2.3529411764705883
IND757037AAA,IND756100AAC,5,328.0,119.0,2.7563025210084033
IND757037AAA,IND758001AAA,1,79.0,42.0,1.880952380952381
IND757041AAA,IND756019AAA,2,79.0,54.0,1.462962962962963
IND757041AAA,IND757001AAA,1,74.0,42.0,1.7619047619047619
IND758001AAA,IND758035AAA,2,100.0,50.0,2.0
IND758034AAA,IND756100AAC,1,335.0,163.0,2.0552147239263805
IND758034AAA,IND757037AAA,1,173.0,90.0,1.9222222222222223
IND758035AAA,IND758001AAA,1,84.0,49.0,1.7142857142857142
IND760003AAB,IND754022AAA,1,207.0,75.0,2.76
IND760003AAB,IND761020AAA,1,35.0,14.0,2.5
IND761200AAA,IND532001AAB,7,110.0,50.0,2.2
IND764001AAC,IND764059AAA,7,76.0,31.0,2.4516129032258065
IND764020AAC,IND764001AAC,1,27.0,12.0,2.25
IND764059AAA,IND764071AAB,3,17.0,9.0,1.8888888888888888
IND764071AAB,IND530012AAA,1,623.0,245.0,2.5428571428571427
IND764071AAB,IND764073AAA,2,55.0,32.5,1.6923076923076923
IND767001AAA,IND767017AAA,1,76.0,35.0,2.1714285714285713
IND767017AAA,IND768004AAD,1,180.0,79.0,2.278481012658228
IND768004AAD,IND768028AAA,1,82.0,29.0,2.8275862068965516
IND768028AAB,IND767001AAA,1,149.0,152.0,0.9802631578947368
IND768216AAA,IND770001AAA,2,74.0,34.5,2.1449275362318843
IND770001AAA,IND770017AAB,3,92.0,62.0,1.4838709677419355
IND781001AAA,IND781018AAB,4,106.5,37.0,2.8783783783783785
IND781003AAA,IND781018AAB,3,115.0,37.0,3.108108108108108
IND781005AAA,IND781018AAB,6,50.5,36.0,1.4027777777777777
IND781014AAA,IND781102AAA,3,41.0,18.0,2.2777777777777777
IND781014AAA,IND781124AAA,5,46.0,23.0,2.0
IND781018AAA,IND781018AAB,2,37.0,35.0,1.0571428571428572
IND781018AAB,IND110037AAM,12,3370.5,1323.0,2.5476190476190474
IND781018AAB,IND712311AAA,3,1955.0,689.0,2.8374455732946298
IND781018AAB,IND781003AAA,1,157.0,45.0,3.488888888888889
IND781018AAB,IND781005AAA,5,74.0,44.0,1.6818181818181819
IND781018AAB,IND781022AAA,7,42.0,40.0,1.05
IND781018AAB,IND781354AAA,8,92.0,54.0,1.7037037037037037
IND781018AAB,IND784001AAA,4,299.5,138.5,2.1624548736462095
IND781018AAB,IND784125AAA,4,111.5,65.0,1.7153846153846153
IND781018AAB,IND784168AAB,1,511.0,224.0,2.28125
IND781018AAB,IND785001AAA,2,538.0,242.5,2.218556701030928
IND781018AAB,IND785612AAB,2,497.0,196.5,2.5292620865139948
IND781018AAB,IND785621AAA,1,449.0,231.0,1.9437229437229437
IND781018AAB,IND788026AAC,12,679.0,249.0,2.7269076305220885
IND781018AAB,IND793001AAA,10,201.0,99.5,2.020100502512563
IND781022AAA,IND781018AAB,10,39.0,34.0,1.1470588235294117
IND781102AAA,IND781018AAB,2,154.5,35.0,4.414285714285715
IND781124AAA,IND781018AAB,3,146.0,31.0,4.709677419354839
IND781335AAA,IND000000AET,4,91.0,51.0,1.7843137254901962
IND781354AAA,IND781335AAA,2,47.0,15.0,3.1333333333333333
IND783129AAA,IND794101AAA,1,208.0,103.0,2.0194174757281553
IND783301AAA,IND783348AAA,11,63.0,33.0,1.9090909090909092
IND783348AAA,IND783129AAA,10,167.0,89.0,1.8764044943820224
IND783370AAB,IND783301AAA,2,100.0,47.0,2.127659574468085
IND783370AAC,IND783301AAA,8,127.5,48.0,2.65625
IND784001AAA,IND784101AAA,1,114.0,16.0,7.125
IND784001AAA,IND784168AAB,1,191.0,93.0,2.053763440860215
IND784001AAA,IND790114AAA,1,146.0,51.0,2.8627450980392157
IND784001AAA,IND791111AAC,3,285.0,119.0,2.3949579831932772
IND784101AAA,IND790114AAA,1,41.0,32.0,1.28125
IND784110AAA,IND781018AAB,1,375.0,135.0,2.7777777777777777
IND784110AAA,IND784001AAA,2,71.5,25.0,2.86
IND784125AAA,IND784110AAA,3,124.0,49.0,2.5306122448979593
IND784168AAB,IND784176AAA,6,105.0,41.0,2.5609756097560976
IND784168AAB,IND791111AAC,2,86.0,25.0,3.44
IND784176AAA,IND781018AAB,4,422.0,180.0,2.3444444444444446
IND785001AAA,IND785112AAC,2,44.0,19.0,2.3157894736842106
IND785001AAA,IND785682AAA,11,85.0,46.0,1.8478260869565217
IND785001AAA,IND798601AAA,1,306.0,74.0,4.135135135135135
IND785112AAC,IND785001AAA,2,292.0,19.5,14.974358974358974
IND785112AAC,IND785634AAA,2,95.5,29.5,3.23728813559322
IND785612AAB,IND781018AAB,1,356.0,166.0,2.144578313253012
IND785612AAB,IND785621AAA,1,61.0,36.0,1.6944444444444444
IND785621AAA,IND785001AAA,3,70.0,44.0,1.5909090909090908
IND785634AAA,IND785001AAA,3,468.0,16.0,29.25
IND785675AAA,IND785612AAB,1,265.0,121.0,2.190082644628099
IND785682AAA,IND785690AAB,1,148.0,34.0,4.352941176470588
IND785682AAA,IND786001AAB,10,135.5,63.0,2.1507936507936507
IND785690AAB,IND785682AAA,10,147.0,33.0,4.454545454545454
IND786001AAB,IND785675AAA,3,90.0,28.0,3.2142857142857144
IND786001AAB,IND786125AAA,1,66.0,29.0,2.2758620689655173
IND786001AAB,IND786171AAA,8,156.0,53.0,2.943396226415094
IND786001AAB,IND786184AAA,7,29.0,13.0,2.230769230769231
IND786001AAB,IND786602AAA,10,54.0,35.0,1.542857142857143
IND786125AAA,IND786190AAA,5,49.0,15.0,3.2666666666666666
IND786171AAA,IND786181AAC,6,22.0,8.5,2.588235294117647
IND786181AAC,IND786001AAB,8,177.5,60.0,2.9583333333333335
IND786181AAC,IND792120AAB,7,162.0,33.0,4.909090909090909
IND786181AAC,IND792121AAB,7,88.0,29.0,3.0344827586206895
IND786184AAA,IND786125AAA,4,41.5,14.5,2.8620689655172415
IND786184AAA,IND786190AAA,1,52.0,26.0,2.0
IND786190AAA,IND786001AAB,1,103.0,42.0,2.4523809523809526
IND786190AAA,IND792103AAB,6,87.0,37.0,2.3513513513513513
IND787001AAA,IND787057AAA,8,132.5,47.0,2.8191489361702127
IND787057AAA,IND787059AAB,10,53.0,24.5,2.163265306122449
IND787059AAB,IND791102AAA,1,193.0,71.0,2.7183098591549295
IND788026AAC,IND781018AAB,18,586.5,246.0,2.3841463414634148
IND788026AAC,IND788121AAA,2,84.5,21.0,4.023809523809524
IND788026AAC,IND788151AAA,13,56.0,22.0,2.5454545454545454
IND788026AAC,IND799250AAA,1,336.0,80.0,4.2
IND788121AAA,IND796081AAA,3,182.0,50.0,3.64
IND788151AAA,IND788713AAA,12,86.0,32.5,2.646153846153846
IND788151AAA,IND788806AAA,1,47.0,18.0,2.611111111111111
IND788713AAA,IND788026AAC,1,361.0,30.0,12.033333333333333
IND788713AAA,IND788806AAA,10,38.0,13.0,2.923076923076923
IND788806AAA,IND788026AAC,9,63.0,16.0,3.9375
IND788806AAA,IND788713AAA,1,55.0,13.0,4.230769230769231
IND790001AAB,IND784001AAA,1,846.0,120.0,7.05
IND791102AAA,IND784168AAB,1,570.0,202.0,2.8217821782178216
IND791109AAA,IND787001AAA,1,118.0,33.0,3.5757575757575757
IND791110AAA,IND787001AAA,1,120.0,34.0,3.5294117647058822
IND791125AAB,IND791102AAA,4,157.0,80.5,1.950310559006211
IND792001AAA,IND786001AAB,1,279.0,117.0,2.3846153846153846
IND792001AAA,IND792110AAA,1,71.0,43.0,1.6511627906976745
IND792103AAB,IND792001AAA,5,64.0,93.0,0.6881720430107527
IND792110AAA,IND786001AAB,2,253.5,101.0,2.50990099009901
IND792120AAB,IND786181AAC,2,94.0,31.5,2.984126984126984
IND792121AAB,IND786181AAC,7,120.0,29.0,4.137931034482759
IND792130AAB,IND786001AAB,9,241.0,84.0,2.869047619047619
IND793001AAA,IND781018AAB,1,438.0,131.0,3.3435114503816794
IND793001AAA,IND793150AAA,2,105.5,45.5,2.318681318681319
IND793150AAA,IND781018AAB,1,268.0,139.0,1.9280575539568345
IND794101AAA,IND781018AAB,9,383.0,159.0,2.408805031446541
IND796009AAA,IND796321AAB,4,648.5,131.0,4.950381679389313
IND796081AAA,IND788026AAC,1,190.0,72.0,2.638888888888889
IND796321AAB,IND796009AAA,3,525.0,131.0,4.00763358778626
IND798601AAA,IND785001AAA,4,294.0,76.5,3.843137254901961
IND799250AAA,IND799008AAA,1,338.0,124.0,2.725806451612903
IND801103AAA,IND802301AAA,11,42.0,16.0,2.625
IND802101AAA,IND802119AAA,10,33.0,13.0,2.5384615384615383
IND802101AAA,IND802158AAB,1,138.0,50.0,2.76
IND802119AAA,IND802158AAB,12,69.0,38.0,1.8157894736842106
IND802158AAB,IND821115AAB,7,171.0,71.0,2.408450704225352
IND802212AAA,IND821115AAB,5,997.0,42.0,23.738095238095237
IND802213AAB,IND802212AAA,5,59.0,17.0,3.4705882352941178
IND802301AAA,IND804401AAA,10,122.5,67.0,1.828358208955224
IND803101AAA,IND805110AAD,9,52.0,23.0,2.260869565217391
IND803116AAA,IND803108AAB,13,78.0,33.0,2.3636363636363638
IND803213AAA,IND803212AAB,2,149.0,47.5,3.136842105263158
IND803213AAA,IND811105AAA,3,83.0,46.0,1.8043478260869565
IND804420AAA,IND803101AAA,11,108.0,39.0,2.769230769230769
IND804452AAA,IND804420AAA,6,34.0,11.5,2.9565217391304346
IND805110AAD,IND803116AAA,9,49.0,21.0,2.3333333333333335
IND811105AAA,IND803212AAB,2,131.5,48.5,2.711340206185567
IND811399AAA,IND110044AAB,29,53.0,16.0,3.3125
IND811399AAA,IND209304AAA,6,525.0,323.5,1.6228748068006182
IND812002AAA,IND813203AAA,12,103.0,24.0,4.291666666666667
IND813102AAA,IND812002AAA,12,86.0,40.0,2.15
IND813102AAA,IND813203AAA,1,232.0,62.0,3.7419354838709675
IND814101AAB,IND816107AAA,7,128.0,87.0,1.471264367816092
IND814112AAA,IND814133AAA,2,128.5,56.5,2.274336283185841
IND814112AAA,IND814133AAB,6,143.5,55.5,2.5855855855855854
IND814133AAA,IND816109AAA,1,156.0,64.0,2.4375
IND814133AAB,IND816109AAA,11,165.0,64.0,2.578125
IND815301AAA,IND814112AAA,1,117.0,59.0,1.9830508474576272
IND815301AAA,IND814133AAB,3,281.0,115.0,2.4434782608695653
IND815301AAA,IND815353AAA,1,58.0,36.0,1.6111111111111112
IND815351AAA,IND814101AAB,8,106.0,97.0,1.092783505154639
IND815353AAA,IND814112AAA,2,49.0,39.0,1.2564102564102564
IND815353AAA,IND814133AAB,3,171.0,93.0,1.8387096774193548
IND815353AAA,IND826004AAA,1,132.0,87.0,1.5172413793103448
IND816107AAA,IND826004AAA,7,387.0,205.0,1.8878048780487804
IND816109AAA,IND826004AAA,8,445.0,244.0,1.8237704918032787
IND821109AAA,IND802213AAB,8,165.0,32.0,5.15625
IND821115AAB,IND000000ACB,7,1348.0,647.0,2.0834621329211744
IND821115AAB,IND209304AAA,5,628.0,325.0,1.9323076923076923
IND821115AAB,IND802101AAA,6,165.0,76.0,2.1710526315789473
IND821115AAB,IND821109AAA,4,92.0,40.0,2.3
IND821115AAB,IND824101AAA,1,58.0,29.0,2.0
IND821307AAA,IND824101AAA,5,42.0,20.0,2.1
IND824101AAA,IND821115AAB,4,63.0,31.5,2.0
IND824101AAA,IND821307AAA,3,43.0,22.0,1.9545454545454546
IND825301AAA,IND825409AAA,8,109.5,41.0,2.6707317073170733
IND825409AAA,IND000000ACB,8,1527.0,773.0,1.9754204398447606
IND826001AAC,IND828111AAA,2,23.0,9.0,2.5555555555555554
IND826004AAA,IND209304AAA,3,997.0,578.0,1.7249134948096885
IND826004AAA,IND814112AAA,3,202.0,115.0,1.7565217391304349
IND826004AAA,IND815301AAA,2,102.5,58.0,1.7672413793103448
IND826004AAA,IND815351AAA,6,127.0,38.0,3.3421052631578947
IND826004AAA,IND815353AAA,1,160.0,86.0,1.8604651162790697
IND827013AAA,IND829121AAA,2,61.5,28.0,2.1964285714285716
IND828111AAA,IND826004AAA,4,129.5,12.0,10.791666666666666
IND828401AAB,IND826004AAA,6,59.0,21.5,2.744186046511628
IND829121AAA,IND834002AAB,6,452.0,62.0,7.290322580645161
IND829122AAA,IND825301AAA,7,76.0,37.0,2.054054054054054
IND832109AAB,IND834002AAB,15,224.0,87.0,2.574712643678161
IND834002AAB,IND000000ACB,8,1696.0,853.0,1.9882766705744432
IND834002AAB,IND826004AAA,14,305.5,127.0,2.405511811023622
IND834002AAB,IND827013AAA,14,398.0,89.0,4.47191011235955
IND834002AAB,IND829122AAA,7,78.0,32.0,2.4375
IND834002AAB,IND832109AAB,9,202.0,87.0,2.32183908045977
IND841101AAA,IND841207AAB,3,47.0,15.0,3.1333333333333333
IND841226AAB,IND841428AAA,2,58.5,23.0,2.5434782608695654
IND841301AAC,IND841226AAB,1,96.0,48.0,2.0
IND841405AAA,IND841301AAC,1,182.0,86.0,2.116279069767442
IND841424AAA,IND841226AAB,3,101.0,44.0,2.2954545454545454
IND841424AAA,IND841428AAA,6,244.0,69.0,3.536231884057971
IND842001AAA,IND843105AAB,14,49.0,16.0,3.0625
IND842001AAA,IND843109AAB,11,37.0,10.0,3.7
IND842001AAA,IND843126AAA,3,54.0,18.0,3.0
IND842001AAA,IND843301AAA,5,160.0,52.0,3.076923076923077
IND842001AAA,IND843320AAA,1,300.0,48.0,6.25
IND842001AAA,IND843329AAB,7,79.0,58.0,1.3620689655172413
IND842001AAA,IND845401AAA,3,126.0,61.0,2.0655737704918034
IND842001AAA,IND845412AAB,11,80.0,34.0,2.3529411764705883
IND842001AAA,IND845418AAB,6,159.0,80.0,1.9875
IND842001AAA,IND845438AAA,4,237.0,91.5,2.5901639344262297
IND842001AAA,IND846004AAA,15,111.0,50.0,2.22
IND842001AAA,IND847212AAA,15,161.0,73.0,2.2054794520547945
IND842001AAA,IND848101AAA,1,144.0,37.0,3.891891891891892
IND842001AAA,IND848114AAA,14,111.5,48.0,2.3229166666666665
IND842001AAA,IND854326AAB,12,403.5,204.0,1.9779411764705883
IND842003AAB,IND480661AAA,1,230.0,111.0,2.0720720720720722
IND842003AAB,IND480886AAA,7,146.0,66.0,2.212121212121212
IND842003AAB,IND482002AAA,2,123.0,8.0,15.375
IND842003AAB,IND483225AAA,2,62.0,23.0,2.6956521739130435
IND842003AAB,IND483501AAA,8,144.0,58.0,2.4827586206896552
IND842003AAB,IND484661AAE,1,190.0,126.0,1.507936507936508
IND842003AAB,IND487001AAA,1,156.0,79.0,1.9746835443037976
IND842003AAB,IND487001AAB,3,140.0,78.0,1.794871794871795
IND843105AAB,IND848101AAA,14,38.5,20.0,1.925
IND843109AAB,IND842001AAA,2,26.5,10.0,2.65
IND843109AAB,IND843126AAA,6,46.5,42.5,1.0941176470588236
IND843126AAA,IND842001AAA,7,45.0,18.0,2.5
IND843126AAA,IND843109AAB,2,55.5,26.0,2.1346153846153846
IND843301AAA,IND843320AAA,13,66.0,25.0,2.64
IND843320AAA,IND847223AAA,7,43.0,20.0,2.15
IND843329AAB,IND843301AAA,7,63.0,19.0,3.3157894736842106
IND844101AAB,IND841207AAB,1,47.0,18.0,2.611111111111111
IND844505AAB,IND842001AAA,11,625.0,52.0,12.01923076923077
IND845305AAA,IND842001AAA,14,579.0,96.0,6.03125
IND845401AAA,IND845305AAA,15,90.0,36.0,2.5
IND845412AAB,IND845401AAA,11,51.0,27.0,1.8888888888888888
IND845418AAB,IND842001AAA,1,229.0,69.0,3.318840579710145
IND845418AAB,IND845438AAA,6,123.0,57.0,2.1578947368421053
IND845438AAA,IND845455AAB,12,67.0,32.5,2.0615384615384613
IND845455AAB,IND842001AAA,11,316.0,126.0,2.507936507936508
IND845455AAB,IND845418AAB,2,193.5,91.0,2.1263736263736264
IND846004AAA,IND847103AAA,15,43.0,24.0,1.7916666666666667
IND847103AAA,IND847404AAB,13,66.0,33.0,2.0
IND847212AAA,IND847226AAA,14,48.0,28.0,1.7142857142857142
IND847223AAA,IND842001AAA,9,685.0,65.0,10.538461538461538
IND847226AAA,IND842001AAA,14,757.0,84.0,9.011904761904763
IND847404AAB,IND842001AAA,13,639.0,76.0,8.407894736842104
IND848101AAA,IND844505AAB,11,73.0,18.0,4.055555555555555
IND848114AAA,IND848210AAA,15,41.0,24.0,1.7083333333333333
IND848210AAA,IND851127AAA,14,48.0,26.0,1.8461538461538463
IND851127AAA,IND842001AAA,13,407.0,96.0,4.239583333333333
IND851127AAA,IND851112AAB,4,59.0,26.0,2.269230769230769
IND852111AAA,IND852118AAA,1,72.0,35.0,2.057142857142857
IND852111AAA,IND854311AAA,1,148.0,52.0,2.8461538461538463
IND852111AAA,IND854326AAB,11,335.0,84.0,3.988095238095238
IND852111AAA,IND854335AAA,1,24.0,16.0,1.5
IND852113AAA,IND852139AAB,13,73.0,24.0,3.0416666666666665
IND852113AAA,IND852201AAA,1,67.0,17.0,3.9411764705882355
IND852118AAA,IND852111AAA,1,111.0,30.0,3.7
IND852118AAA,IND854326AAB,1,126.0,51.0,2.4705882352941178
IND852131AAA,IND852139AAB,1,71.0,21.0,3.380952380952381
IND852131AAA,IND852201AAA,7,94.0,33.0,2.8484848484848486
IND852139AAB,IND854326AAB,15,227.0,75.0,3.026666666666667
IND852201AAA,IND852113AAA,12,60.0,17.0,3.5294117647058822
IND852201AAA,IND852131AAA,1,76.0,32.0,2.375
IND853204AAA,IND851204AAA,11,94.0,46.0,2.0434782608695654
IND854105AAA,IND853204AAA,2,127.0,51.0,2.4901960784313726
IND854105AAB,IND851204AAA,4,226.0,95.0,2.3789473684210525
IND854105AAB,IND853204AAA,5,149.0,49.0,3.0408163265306123
IND854311AAA,IND852118A1B,1,82.0,24.0,3.4166666666666665
IND854311AAA,IND854326AAB,1,203.0,32.0,6.34375
IND854311AAA,IND854334AAA,7,32.0,19.0,1.6842105263157894
IND854326AAB,IND000000ACB,12,2090.0,929.0,2.2497308934338
IND854326AAB,IND852113AAA,1,206.0,69.0,2.9855072463768115
IND854326AAB,IND852131AAA,7,237.0,95.0,2.4947368421052634
IND854326AAB,IND852201AAA,3,390.0,92.0,4.239130434782608
IND854326AAB,IND854105AAA,2,85.0,17.0,5.0
IND854326AAB,IND854105AAB,11,53.0,20.0,2.65
IND854326AAB,IND854311AAA,14,55.5,31.0,1.7903225806451613
IND854326AAB,IND854334AAA,1,171.0,48.0,3.5625
IND854334AAA,IND852118A1B,3,27.0,22.0,1.2272727272727273
IND854334AAA,IND852118AAA,7,28.0,21.0,1.3333333333333333
IND854334AAA,IND854335AAA,2,41.0,30.5,1.3442622950819672
IND854335AAA,IND852111AAA,12,46.0,20.0,2.3
IND854335AAA,IND852118A1B,1,40.0,18.0,2.2222222222222223
IND854335AAA,IND854326AAB,1,199.0,61.0,3.262295081967213
